v -0.020186 0.460851 0.104417
v 0.019705 0.461155 0.104226
v -0.053139 0.291750 0.069464
v 0.051627 0.290551 0.066299
v 0.000567 0.360576 0.272718
v -0.000559 0.476424 0.345155
v -0.017047 0.124422 -0.241887
v -0.000286 0.417062 -0.049333
v 0.056879 0.317878 -0.022408
v 0.111249 0.321910 0.214996
v -0.057192 0.317690 -0.020256
v -0.110393 0.322308 0.214252
v 0.000132 0.475142 0.096201
v -0.026692 0.480131 0.251336
v -0.004386 0.483050 -0.018635
v -0.044652 0.405986 0.046790
v -0.065853 0.400207 0.200219
v 0.026908 0.480042 0.251556
v 0.004787 0.483741 -0.018882
v 0.043530 0.407204 0.046005
v 0.065923 0.401006 0.199975
v -0.000770 0.259985 0.012892
v -0.078605 0.321791 0.183882
v -0.019892 0.181153 -0.150333
v -0.056432 0.285807 0.024262
v -0.131773 0.290501 0.186704
v 0.078499 0.322745 0.185160
v 0.016463 0.174413 -0.155701
v 0.055244 0.283583 0.018952
v 0.129088 0.291594 0.187356
v -0.001415 0.403717 0.414016
v 0.075008 0.348991 0.253780
v -0.074372 0.348239 0.253271
v 0.054008 0.421701 0.302080
v -0.054097 0.421503 0.301700
v 0.000262 0.287700 -0.151921
v 0.030761 0.232448 -0.148236
v -0.031751 0.240814 -0.143132
v 0.018508 0.364088 -0.065271
v -0.018248 0.363819 -0.065838
v 0.083907 0.320213 0.154235
v -0.084730 0.320453 0.157664
v -0.008128 0.471604 0.097550
v -0.026954 0.468086 0.172790
v -0.008084 0.471310 0.033828
v -0.028488 0.443752 0.075014
v -0.047412 0.445166 0.155418
v 0.008188 0.471730 0.097546
v 0.026895 0.468140 0.172960
v 0.008256 0.471875 0.033672
v 0.028096 0.444069 0.074561
v 0.046987 0.445542 0.155239
v -0.033902 0.275298 0.030991
v -0.075946 0.312627 0.140061
v -0.032679 0.242548 -0.043718
v -0.055606 0.283439 0.045656
v -0.091789 0.303784 0.148574
v 0.032000 0.274537 0.030131
v 0.074622 0.311868 0.137417
v 0.030409 0.240775 -0.045881
v 0.053486 0.282031 0.040298
v 0.087875 0.305114 0.145270
v -0.035690 0.343028 0.228978
v 0.036852 0.343474 0.229417
v -0.000119 0.377981 0.329019
v 0.039820 0.361716 0.272081
v -0.039149 0.361057 0.272041
v -0.016836 0.483928 0.310561
v 0.016522 0.483900 0.310864
v -0.000895 0.456539 0.374165
v 0.031552 0.462812 0.342723
v -0.032382 0.462574 0.342051
v -0.022403 0.140513 -0.203638
v 0.015407 0.109694 -0.222662
v -0.001066 0.220839 -0.197631
v 0.021682 0.172642 -0.205857
v -0.021112 0.195364 -0.190115
v -0.001821 0.464724 -0.033853
v 0.001870 0.465046 -0.033904
v -0.000058 0.356892 -0.091145
v 0.006692 0.396438 -0.056262
v -0.006653 0.395818 -0.056579
v 0.056947 0.359555 0.011060
v 0.056354 0.294586 -0.003518
v 0.046736 0.281180 -0.085344
v 0.042823 0.335282 -0.059040
v 0.064855 0.328189 0.060488
v 0.083893 0.350047 0.218559
v 0.130812 0.299430 0.198910
v 0.099986 0.333406 0.231550
v 0.075508 0.368084 0.249892
v 0.118772 0.308571 0.194630
v -0.057627 0.358183 0.012390
v -0.056801 0.296274 -0.000307
v -0.047094 0.282349 -0.084014
v -0.043081 0.335062 -0.058811
v -0.065034 0.328419 0.063690
v -0.083650 0.349615 0.217971
v -0.131190 0.299346 0.198049
v -0.099115 0.333565 0.231361
v -0.075092 0.367719 0.249692
v -0.118405 0.309021 0.194586
v -0.008529 0.478515 0.179192
v -0.001457 0.483426 0.018225
v 0.008796 0.478506 0.179296
v 0.001957 0.483573 0.018144
v -0.051510 0.452929 0.232015
v 0.000187 0.488783 0.257395
v -0.046375 0.460045 0.293886
v -0.010373 0.450767 0.005137
v 0.000194 0.489408 -0.024527
v -0.004878 0.435654 -0.027677
v -0.064556 0.403102 0.128345
v -0.023978 0.395180 -0.017766
v -0.067880 0.358179 0.100415
v -0.062192 0.409604 0.254395
v -0.075012 0.340765 0.178034
v 0.051404 0.453094 0.232340
v 0.046081 0.460162 0.294288
v 0.010341 0.451239 0.005219
v 0.005463 0.436532 -0.027515
v 0.064076 0.404076 0.126851
v 0.023762 0.395748 -0.017515
v 0.067610 0.359929 0.098136
v 0.062276 0.409959 0.254745
v 0.074904 0.342118 0.177524
v -0.030701 0.305769 0.114545
v -0.010418 0.209658 -0.092529
v 0.029463 0.305706 0.114769
v 0.008404 0.208592 -0.092987
v -0.121180 0.295288 0.189940
v 0.000142 0.326144 0.181575
v -0.092840 0.321797 0.221156
v -0.037670 0.232957 -0.079749
v -0.002669 0.154764 -0.172374
v -0.027829 0.195337 -0.158654
v -0.093735 0.306630 0.142196
v -0.043280 0.246991 -0.087976
v -0.073748 0.318418 0.114503
v -0.123290 0.302865 0.206718
v -0.123783 0.299460 0.179889
v 0.119738 0.296775 0.191258
v 0.094121 0.322334 0.222409
v 0.036028 0.229441 -0.083458
v 0.025959 0.181365 -0.167887
v 0.089155 0.305799 0.136728
v 0.042382 0.243463 -0.091436
v 0.073939 0.314569 0.110431
v 0.122405 0.303844 0.207903
v 0.123489 0.297861 0.180267
v 0.035200 0.387207 0.322635
v -0.035309 0.386986 0.321408
v 0.038514 0.427427 0.353160
v -0.038966 0.426810 0.351398
v 0.059649 0.383218 0.283929
v -0.059395 0.382341 0.283422
v 0.016990 0.254612 -0.165031
v -0.017306 0.260349 -0.161189
v 0.012985 0.323484 -0.113466
v -0.012688 0.323938 -0.113487
v 0.030829 0.295186 -0.116361
v -0.030625 0.297091 -0.115495
v -0.013603 0.466771 0.100345
v -0.023943 0.463118 0.134412
v -0.013032 0.464469 0.071847
v -0.023310 0.454742 0.090198
v -0.031680 0.454454 0.127455
v 0.013366 0.467016 0.100232
v 0.023636 0.463301 0.134396
v 0.012869 0.464856 0.071692
v 0.022836 0.455044 0.089908
v 0.031257 0.454668 0.127275
v -0.045826 0.285426 0.050751
v -0.062265 0.304499 0.104880
v -0.043228 0.272181 0.020274
v -0.053291 0.287070 0.058544
v -0.067692 0.302479 0.108926
v 0.044147 0.284444 0.048810
v 0.061276 0.303587 0.101704
v 0.041247 0.270465 0.017601
v 0.051550 0.285650 0.054334
v 0.065251 0.302560 0.104906
v -0.013208 0.352192 0.252626
v 0.014565 0.352381 0.252796
v 0.000404 0.370159 0.297367
v 0.019353 0.362292 0.275740
v -0.018622 0.362162 0.275929
v -0.008621 0.481064 0.331737
v 0.007906 0.481127 0.331945
v -0.000751 0.468841 0.359031
v 0.013986 0.472766 0.347497
v -0.015165 0.472562 0.347157
v -0.037639 0.110572 -0.235617
v -0.001673 0.050173 -0.278508
v -0.004210 0.176534 -0.220009
v 0.013879 0.136664 -0.236490
v -0.019741 0.162353 -0.215869
v -0.001323 0.438735 -0.039480
v 0.001092 0.438830 -0.039628
v -0.000289 0.390564 -0.065941
v 0.003187 0.409131 -0.052656
v -0.003854 0.408880 -0.052234
v 0.057856 0.336176 -0.007397
v 0.057320 0.305689 -0.015018
v 0.052973 0.302203 -0.052014
v 0.052168 0.324135 -0.043403
v 0.060807 0.323748 0.013181
v 0.100052 0.333122 0.217535
v 0.123105 0.308468 0.206328
v 0.108154 0.325652 0.221228
v 0.094361 0.342210 0.229582
v 0.118845 0.312307 0.205073
v -0.058179 0.335344 -0.005511
v -0.057569 0.305951 -0.012455
v -0.053363 0.302343 -0.050137
v -0.052633 0.323764 -0.042278
v -0.061123 0.323473 0.015859
v -0.099612 0.332899 0.216595
v -0.122639 0.308807 0.205822
v -0.107066 0.326340 0.220960
v -0.093657 0.342269 0.229081
v -0.118096 0.312631 0.204241
v -0.003722 0.474321 0.096438
v 0.003911 0.474383 0.096444
v -0.002968 0.475872 0.138018
v -0.000856 0.477917 0.055095
v 0.003174 0.475868 0.138024
v 0.001285 0.477956 0.055080
v -0.027881 0.474902 0.214069
v -0.023071 0.483393 0.283513
v -0.016558 0.481398 0.218663
v -0.039599 0.469231 0.243512
v -0.013378 0.486649 0.255962
v -0.037328 0.472820 0.276319
v -0.005653 0.479495 0.001555
v -0.003077 0.480037 -0.028907
v -0.002752 0.487064 -0.006651
v -0.006431 0.469940 -0.009138
v -0.001955 0.488329 -0.023539
v -0.004736 0.466488 -0.023089
v -0.035785 0.427121 0.061059
v -0.053162 0.382643 0.030165
v -0.022551 0.428969 0.024197
v -0.057054 0.405960 0.086331
v -0.032749 0.403109 0.011669
v -0.062927 0.383270 0.071609
v -0.061054 0.427458 0.181727
v -0.070958 0.371791 0.213994
v -0.060802 0.429580 0.217019
v -0.066204 0.400087 0.167194
v -0.064657 0.403787 0.228839
v -0.069242 0.368038 0.188944
v 0.028051 0.474830 0.214139
v 0.022993 0.483445 0.283875
v 0.016916 0.481369 0.218913
v 0.013838 0.486534 0.256136
v 0.039518 0.469327 0.243802
v 0.037168 0.472959 0.276727
v 0.006001 0.480082 0.001381
v 0.003542 0.480269 -0.028774
v 0.003136 0.487442 -0.007000
v 0.002271 0.488548 -0.023760
v 0.006755 0.470537 -0.009613
v 0.005305 0.467378 -0.022971
v 0.034817 0.427992 0.060248
v 0.052116 0.384069 0.029349
v 0.021560 0.429931 0.023471
v 0.056079 0.407199 0.085183
v 0.031910 0.404084 0.011315
v 0.062176 0.385001 0.069973
v 0.060867 0.428004 0.181300
v 0.071060 0.372502 0.214030
v 0.060699 0.429947 0.217144
v 0.066235 0.401131 0.166265
v 0.064776 0.404379 0.228975
v 0.069362 0.369570 0.188219
v -0.018103 0.264807 0.018030
v 0.016376 0.264268 0.017692
v -0.012329 0.284013 0.066700
v -0.007161 0.233926 -0.043400
v 0.011005 0.283782 0.066672
v 0.005300 0.233406 -0.043882
v -0.083116 0.315156 0.163564
v -0.061989 0.333620 0.205561
v -0.056066 0.322267 0.154504
v -0.105364 0.305680 0.188569
v -0.043223 0.329602 0.181170
v -0.092113 0.317721 0.204976
v -0.024758 0.209888 -0.105274
v -0.018873 0.159672 -0.179576
v -0.014382 0.190670 -0.128756
v -0.028481 0.205188 -0.121843
v -0.011477 0.163186 -0.166727
v -0.024611 0.183129 -0.158275
v -0.056875 0.283510 0.034817
v -0.056577 0.289291 0.012365
v -0.047116 0.261036 -0.027728
v -0.068759 0.304416 0.088239
v -0.048947 0.265085 -0.035493
v -0.068316 0.306444 0.071184
v -0.117677 0.294813 0.173560
v -0.134722 0.293282 0.192535
v -0.129455 0.290626 0.188387
v -0.118215 0.295739 0.171778
v -0.133107 0.292200 0.194055
v -0.132133 0.292395 0.185665
v 0.082194 0.315345 0.163356
v 0.062480 0.334479 0.206745
v 0.055374 0.323114 0.155190
v 0.043651 0.330675 0.181773
v 0.104386 0.306556 0.189871
v 0.092691 0.318247 0.206806
v 0.021948 0.206669 -0.107948
v 0.013888 0.144985 -0.189702
v 0.011589 0.187642 -0.130797
v 0.006679 0.158129 -0.169446
v 0.026204 0.200248 -0.126202
v 0.021965 0.172308 -0.166411
v 0.055145 0.281806 0.028777
v 0.055174 0.287245 0.008364
v 0.045824 0.258081 -0.032363
v 0.068563 0.303540 0.080832
v 0.047836 0.262577 -0.039544
v 0.064852 0.303986 0.068133
v 0.112873 0.296946 0.172017
v 0.133117 0.293761 0.193826
v 0.126632 0.292293 0.189489
v 0.113200 0.297440 0.169060
v 0.131111 0.293407 0.195816
v 0.129685 0.292698 0.186319
v -0.000341 0.384385 0.370299
v -0.000719 0.437498 0.391043
v 0.023349 0.395499 0.370322
v -0.023801 0.395816 0.367907
v 0.024704 0.422077 0.382496
v -0.025269 0.421819 0.380077
v 0.058089 0.356869 0.263464
v 0.089218 0.341109 0.242878
v 0.085440 0.334221 0.237669
v 0.102069 0.324508 0.228409
v 0.051195 0.371517 0.283960
v 0.066038 0.365439 0.269753
v -0.057472 0.356104 0.263305
v -0.088520 0.340672 0.242462
v -0.084506 0.333510 0.237050
v -0.101396 0.323970 0.227879
v -0.050967 0.370732 0.283424
v -0.065495 0.364588 0.269260
v 0.045858 0.445825 0.328055
v 0.061903 0.395423 0.274624
v 0.051758 0.442596 0.303213
v 0.058680 0.416121 0.278516
v 0.047746 0.426092 0.326923
v 0.055921 0.401716 0.295212
v -0.046212 0.445677 0.327560
v -0.061737 0.394908 0.274426
v -0.052023 0.442614 0.303162
v -0.058696 0.415968 0.278301
v -0.047941 0.425537 0.325957
v -0.055913 0.401045 0.294665
v -0.000151 0.256088 -0.175887
v 0.000110 0.320822 -0.122362
v 0.008512 0.271095 -0.162476
v -0.008425 0.273644 -0.160609
v 0.007520 0.303783 -0.135864
v -0.007058 0.304760 -0.135288
v 0.024594 0.205534 -0.176321
v 0.038823 0.257485 -0.117860
v 0.028473 0.203325 -0.160898
v 0.036561 0.232927 -0.126652
v 0.024491 0.240672 -0.159857
v 0.031706 0.262941 -0.134210
v -0.025478 0.220085 -0.166735
v -0.039401 0.261243 -0.115682
v -0.030275 0.216223 -0.152309
v -0.037745 0.238890 -0.122946
v -0.025093 0.248899 -0.154714
v -0.032028 0.267481 -0.131740
v 0.010502 0.380352 -0.061728
v 0.030239 0.348800 -0.064955
v 0.009681 0.400217 -0.041911
v 0.020068 0.381824 -0.041851
v 0.016555 0.344131 -0.089245
v 0.026257 0.329324 -0.092117
v -0.010287 0.379871 -0.062503
v -0.030053 0.348727 -0.065496
v -0.009361 0.399285 -0.042591
v -0.019786 0.381344 -0.042443
v -0.016269 0.344233 -0.089596
v -0.025939 0.329599 -0.092359
v 0.069820 0.327984 0.112667
v 0.105285 0.311850 0.179415
v 0.070985 0.336778 0.128733
v 0.081913 0.326921 0.165526
v 0.080311 0.317914 0.139051
v 0.105788 0.308016 0.170326
v -0.070451 0.327906 0.116223
v -0.105590 0.312459 0.181116
v -0.071042 0.335864 0.131778
v -0.082547 0.326516 0.167514
v -0.081284 0.318980 0.142607
v -0.106289 0.308949 0.172399
v -0.016289 0.469586 0.136603
v -0.007285 0.471944 0.061235
v -0.009325 0.473853 0.137512
v -0.003535 0.476357 0.056478
v -0.036875 0.458737 0.166017
v -0.017528 0.474648 0.176916
v -0.039486 0.464489 0.206142
v -0.014640 0.459056 0.051595
v -0.004172 0.479911 0.022598
v -0.009255 0.465598 0.016313
v -0.039551 0.442579 0.115220
v -0.017155 0.448179 0.036364
v -0.048244 0.426270 0.101075
v -0.051141 0.448932 0.195157
v -0.057556 0.426580 0.142339
v 0.016144 0.469689 0.136672
v 0.007437 0.472307 0.061130
v 0.009400 0.473873 0.137563
v 0.003811 0.476557 0.056383
v 0.036624 0.458786 0.166051
v 0.017632 0.474656 0.177017
v 0.039374 0.464593 0.206382
v 0.014433 0.459516 0.051381
v 0.004488 0.480381 0.022402
v 0.009348 0.466202 0.016134
v 0.039136 0.442709 0.114706
v 0.016679 0.448655 0.035775
v 0.047614 0.426900 0.100069
v 0.050835 0.449300 0.195308
v 0.057053 0.427154 0.141451
v -0.052086 0.301841 0.088726
v -0.032352 0.257297 -0.009648
v -0.034576 0.292645 0.074014
v -0.020028 0.243393 -0.031365
v -0.087519 0.307086 0.149239
v -0.057622 0.314274 0.124999
v -0.102468 0.304571 0.173007
v -0.043742 0.263785 -0.001654
v -0.021269 0.223285 -0.074988
v -0.035150 0.234458 -0.066977
v -0.069025 0.300321 0.103261
v -0.045678 0.260441 -0.017312
v -0.071349 0.300473 0.096077
v -0.113730 0.297080 0.175678
v -0.093177 0.303163 0.144663
v 0.050706 0.301329 0.087616
v 0.030225 0.256007 -0.011250
v 0.032991 0.292094 0.073780
v 0.017959 0.242321 -0.032206
v 0.085269 0.307336 0.146345
v 0.056150 0.314172 0.124690
v 0.100824 0.304963 0.172029
v 0.041795 0.261658 -0.005246
v 0.018851 0.221615 -0.076086
v 0.033091 0.231728 -0.070204
v 0.065910 0.300180 0.097922
v 0.043882 0.257694 -0.021713
v 0.068128 0.299734 0.088632
v 0.110543 0.298785 0.175035
v 0.088000 0.304192 0.139114
v 0.000711 0.343353 0.230129
v -0.040748 0.350620 0.250186
v -0.020570 0.335685 0.206075
v -0.067825 0.335859 0.225890
v 0.041812 0.351176 0.250363
v 0.021371 0.336050 0.206351
v 0.068750 0.336388 0.226749
v 0.018822 0.372673 0.302693
v -0.018581 0.372418 0.302429
v 0.018940 0.381908 0.334765
v -0.019104 0.381887 0.334079
v 0.065572 0.344453 0.244882
v 0.035758 0.373963 0.296600
v -0.064346 0.343680 0.244567
v -0.035566 0.373524 0.296276
v -0.000249 0.486916 0.312496
v -0.025344 0.474824 0.328494
v -0.007895 0.488849 0.287103
v -0.032589 0.474959 0.304601
v 0.024754 0.475006 0.328935
v 0.007754 0.488875 0.287450
v 0.032421 0.474955 0.304992
v 0.018275 0.461332 0.361631
v -0.019640 0.461093 0.361003
v 0.021734 0.445297 0.373728
v -0.022993 0.444935 0.372616
v 0.040451 0.462276 0.319959
v 0.036414 0.447071 0.351551
v -0.040759 0.462186 0.319631
v -0.037308 0.446642 0.350450
v -0.015314 0.107882 -0.224060
v -0.024245 0.161774 -0.201455
v -0.011497 0.139408 -0.194023
v -0.023829 0.169881 -0.182187
v 0.036658 0.113872 -0.233515
v 0.001002 0.131797 -0.198004
v 0.023211 0.146856 -0.197618
v 0.009642 0.195037 -0.207530
v -0.012461 0.205892 -0.199130
v 0.008933 0.236805 -0.184834
v -0.009761 0.241982 -0.181118
v 0.025047 0.169144 -0.193524
v 0.017870 0.217602 -0.184361
v -0.025266 0.192337 -0.176629
v -0.018742 0.229049 -0.176931
v -0.000071 0.465491 -0.034751
v -0.004466 0.433215 -0.037294
v -0.000892 0.483308 -0.031092
v -0.003830 0.454424 -0.030554
v 0.004341 0.433939 -0.038030
v 0.000991 0.483361 -0.031193
v 0.004303 0.455412 -0.030315
v 0.004182 0.375400 -0.075405
v -0.004498 0.375184 -0.075342
v 0.005726 0.339831 -0.103842
v -0.005585 0.339908 -0.103934
v 0.006177 0.418832 -0.038775
v 0.009380 0.359798 -0.083208
v -0.006053 0.417404 -0.038651
v -0.009239 0.359657 -0.083516
v 0.049278 0.350081 -0.026412
v 0.063331 0.342584 0.034900
v 0.042017 0.377243 -0.006215
v 0.064194 0.363047 0.053501
v 0.052555 0.284585 -0.051614
v 0.061204 0.312828 0.032373
v 0.050387 0.271518 -0.045962
v 0.061499 0.305818 0.051418
v 0.046226 0.306522 -0.075649
v 0.045454 0.259914 -0.090060
v 0.039310 0.285394 -0.105942
v 0.034911 0.365181 -0.037010
v 0.037052 0.316315 -0.088825
v 0.067147 0.343101 0.081530
v 0.066411 0.318810 0.087390
v 0.080991 0.359024 0.234321
v 0.102331 0.325351 0.204757
v 0.070055 0.379477 0.235378
v 0.081743 0.343260 0.201084
v 0.120295 0.310947 0.211020
v 0.129564 0.300860 0.197192
v 0.129264 0.299620 0.201553
v 0.132527 0.295559 0.192154
v 0.087264 0.350549 0.242077
v 0.113025 0.316780 0.219017
v 0.078141 0.358366 0.255639
v 0.066636 0.387567 0.255067
v 0.068495 0.376439 0.266202
v 0.095642 0.323003 0.188952
v 0.125576 0.300456 0.187750
v -0.049837 0.349425 -0.025810
v -0.063732 0.341192 0.037345
v -0.042878 0.376245 -0.006017
v -0.064690 0.361256 0.055520
v -0.052887 0.285303 -0.048880
v -0.060931 0.314480 0.035882
v -0.050927 0.273266 -0.042688
v -0.061835 0.310657 0.055152
v -0.046542 0.306853 -0.074735
v -0.045997 0.262315 -0.087639
v -0.039470 0.287143 -0.104977
v -0.035257 0.364622 -0.037287
v -0.036923 0.316740 -0.088625
v -0.067440 0.342054 0.084297
v -0.065395 0.321338 0.091322
v -0.080638 0.358641 0.233841
v -0.101936 0.325307 0.204041
v -0.069832 0.378873 0.234978
v -0.081881 0.342669 0.200819
v -0.119788 0.311323 0.210751
v -0.129478 0.301142 0.196447
v -0.129749 0.299455 0.200891
v -0.133502 0.295617 0.190920
v -0.086576 0.350486 0.241868
v -0.112598 0.316798 0.218619
v -0.077528 0.357881 0.255358
v -0.066366 0.387026 0.254808
v -0.068170 0.375864 0.266089
v -0.096193 0.322699 0.189549
v -0.125411 0.301567 0.187739
v 0.000190 0.479759 0.179949
v -0.005349 0.484696 0.221260
v 0.000342 0.484129 0.017373
v -0.000570 0.489257 -0.009724
v 0.005868 0.484654 0.221216
v 0.001113 0.489337 -0.009833
v -0.049905 0.456814 0.265023
v -0.058982 0.433397 0.248441
v -0.056122 0.438182 0.276930
v -0.006493 0.447016 -0.015030
v -0.013973 0.425893 -0.004199
v -0.009825 0.415466 -0.024634
v -0.067256 0.378553 0.114579
v -0.068024 0.371759 0.154677
v -0.069568 0.348518 0.144115
v 0.049797 0.456798 0.265351
v 0.058958 0.433853 0.248984
v 0.055923 0.438208 0.277302
v 0.006797 0.447767 -0.015046
v 0.013708 0.426461 -0.004036
v 0.010066 0.416205 -0.024271
v 0.066848 0.380393 0.112837
v 0.068185 0.373779 0.153290
v 0.069722 0.350685 0.141778
v -0.000599 0.299715 0.113063
v -0.018977 0.316123 0.150759
v -0.000959 0.204506 -0.097951
v -0.005300 0.179854 -0.139286
v 0.018728 0.316195 0.151049
v 0.002704 0.178802 -0.139645
v -0.114446 0.303161 0.203035
v -0.126644 0.295539 0.198378
v -0.112109 0.310189 0.214443
v -0.031598 0.208784 -0.128000
v -0.040144 0.237035 -0.085835
v -0.034803 0.220654 -0.127607
v -0.084832 0.314121 0.131656
v -0.112786 0.301777 0.166500
v -0.098592 0.310531 0.157745
v 0.114390 0.304372 0.204838
v 0.125157 0.297314 0.200339
v 0.112224 0.311276 0.215542
v 0.029739 0.202308 -0.132683
v 0.038958 0.233153 -0.089670
v 0.033133 0.213225 -0.132619
v 0.083040 0.312713 0.129023
v 0.111211 0.300574 0.165937
v 0.097587 0.309447 0.155616
v 0.037524 0.405155 0.343584
v 0.048513 0.387574 0.303135
v -0.037637 0.404714 0.341452
v -0.048378 0.386911 0.302229
v 0.047943 0.405593 0.317866
v -0.047970 0.404852 0.316654
v 0.015865 0.288248 -0.142677
v 0.024108 0.273962 -0.142103
v -0.015638 0.290772 -0.141020
v -0.024111 0.278127 -0.139631
v 0.021737 0.308184 -0.118584
v -0.021405 0.309411 -0.118106
v -0.016848 0.463774 0.102362
v -0.021770 0.461690 0.117615
v -0.016545 0.462285 0.089877
v -0.021372 0.458398 0.097803
v -0.025044 0.458089 0.114668
v 0.016462 0.464045 0.102186
v 0.021339 0.461921 0.117467
v 0.016177 0.462627 0.089638
v 0.020837 0.458773 0.097571
v 0.024478 0.458405 0.114473
v -0.050095 0.289017 0.061126
v -0.056356 0.298154 0.085762
v -0.048413 0.283507 0.048028
v -0.052719 0.289605 0.064824
v -0.058748 0.297558 0.087632
v 0.048498 0.287995 0.058527
v 0.055364 0.297002 0.082485
v 0.046800 0.282054 0.045064
v 0.051196 0.288316 0.061126
v 0.057044 0.296771 0.083835
v -0.005154 0.356926 0.264178
v 0.006411 0.356996 0.264227
v 0.000542 0.365213 0.283899
v 0.009211 0.361769 0.275277
v -0.008174 0.361863 0.275700
v -0.004240 0.478732 0.339688
v 0.003318 0.478782 0.339728
v -0.000683 0.473269 0.351609
v 0.005760 0.475266 0.346914
v -0.006963 0.475170 0.346748
v -0.033746 0.109824 -0.244290
v -0.020178 0.093122 -0.259678
v -0.009011 0.149898 -0.231396
v -0.002114 0.126649 -0.243730
v -0.019901 0.142097 -0.229746
v -0.000930 0.426358 -0.044172
v 0.000441 0.426375 -0.044212
v -0.000318 0.405466 -0.056229
v 0.001167 0.413621 -0.051126
v -0.001790 0.413542 -0.051015
v 0.057481 0.325749 -0.015958
v 0.057356 0.312023 -0.019682
v 0.055314 0.311039 -0.035893
v 0.055142 0.320157 -0.032836
v 0.058766 0.320613 -0.007116
v 0.107417 0.325832 0.215942
v 0.117680 0.314637 0.210760
v 0.110832 0.322660 0.217274
v 0.104335 0.330118 0.220911
v 0.115819 0.316372 0.210142
v -0.057788 0.325375 -0.013870
v -0.057678 0.311977 -0.017244
v -0.055677 0.310957 -0.034075
v -0.055466 0.320012 -0.030999
v -0.059078 0.320306 -0.004760
v -0.106674 0.325978 0.214980
v -0.116834 0.315204 0.210145
v -0.109829 0.323276 0.216739
v -0.103515 0.330374 0.220149
v -0.114953 0.316796 0.209299
v -0.001754 0.474934 0.096254
v 0.001988 0.474958 0.096248
v -0.001096 0.475107 0.117172
v -0.000524 0.476096 0.075419
v 0.001331 0.475099 0.117185
v 0.000868 0.476109 0.075413
v -0.027491 0.477801 0.233347
v -0.025266 0.482046 0.268218
v -0.021439 0.481516 0.236047
v -0.033187 0.475306 0.247942
v -0.020122 0.483898 0.254000
v -0.032039 0.477320 0.264898
v -0.004947 0.482213 -0.010098
v -0.003857 0.482125 -0.024596
v -0.003605 0.486316 -0.013968
v -0.005433 0.477482 -0.014611
v -0.003180 0.486562 -0.021636
v -0.004804 0.476731 -0.021416
v -0.040102 0.416934 0.054120
v -0.049232 0.394656 0.038794
v -0.033519 0.417059 0.035523
v -0.051131 0.406322 0.066041
v -0.038424 0.405058 0.028554
v -0.055234 0.395296 0.058432
v -0.064233 0.414413 0.191940
v -0.067870 0.385734 0.207910
v -0.063666 0.415224 0.208340
v -0.066095 0.399682 0.184338
v -0.065420 0.401589 0.215092
v -0.067813 0.384558 0.193637
v 0.027786 0.477701 0.233545
v 0.025311 0.482028 0.268417
v 0.021805 0.481423 0.236265
v 0.020414 0.483822 0.254254
v 0.033264 0.475248 0.248037
v 0.032089 0.477204 0.264937
v 0.005294 0.482898 -0.010452
v 0.004283 0.482688 -0.024723
v 0.003918 0.486879 -0.014532
v 0.003523 0.486975 -0.021959
v 0.005882 0.478168 -0.014853
v 0.005274 0.477419 -0.021501
v 0.039026 0.418024 0.053299
v 0.048125 0.395847 0.037957
v 0.032379 0.418190 0.034756
v 0.049969 0.407635 0.065115
v 0.037377 0.406174 0.027955
v 0.054128 0.396714 0.057369
v 0.064245 0.415065 0.191689
v 0.068049 0.386695 0.207588
v 0.063702 0.415776 0.208325
v 0.066159 0.400555 0.183859
v 0.065516 0.402282 0.215035
v 0.067889 0.385628 0.193286
v -0.009480 0.261347 0.014297
v 0.007900 0.261093 0.014133
v -0.005807 0.272416 0.040432
v -0.004549 0.246907 -0.015554
v 0.004351 0.272218 0.040332
v 0.002895 0.246790 -0.015565
v -0.082426 0.317616 0.173841
v -0.071767 0.327595 0.194404
v -0.068177 0.323551 0.170420
v -0.093216 0.313512 0.186389
v -0.063084 0.328172 0.182133
v -0.086906 0.319221 0.195363
v -0.021875 0.194760 -0.129962
v -0.018901 0.169602 -0.166392
v -0.017092 0.184481 -0.141454
v -0.024130 0.192661 -0.137599
v -0.015688 0.171178 -0.159978
v -0.022447 0.180897 -0.155476
v -0.056573 0.284720 0.029671
v -0.056477 0.287082 0.018469
v -0.051820 0.273764 -0.001569
v -0.061335 0.296584 0.056084
v -0.052372 0.275306 -0.006263
v -0.060962 0.296936 0.049423
v -0.126672 0.291449 0.181679
v -0.134061 0.291423 0.189914
v -0.130930 0.290249 0.187442
v -0.127031 0.291856 0.180874
v -0.133322 0.290830 0.190626
v -0.132203 0.291251 0.186141
v 0.081773 0.318177 0.174331
v 0.072164 0.328489 0.195827
v 0.067989 0.324634 0.171283
v 0.063375 0.329377 0.183268
v 0.092050 0.314511 0.187499
v 0.086698 0.320076 0.196912
v 0.018878 0.190022 -0.134064
v 0.014835 0.159574 -0.173904
v 0.013790 0.179888 -0.144828
v 0.011514 0.164656 -0.164367
v 0.021312 0.186540 -0.142929
v 0.019319 0.171822 -0.162893
v 0.055389 0.282535 0.023814
v 0.055057 0.285051 0.013836
v 0.050650 0.271249 -0.006500
v 0.060916 0.293947 0.049625
v 0.051130 0.273009 -0.010825
v 0.059889 0.294630 0.044065
v 0.122967 0.293135 0.181275
v 0.132020 0.292152 0.191110
v 0.128189 0.291573 0.188312
v 0.123146 0.293429 0.180165
v 0.131162 0.291833 0.191911
v 0.129575 0.291918 0.186754
v -0.000849 0.390057 0.393371
v -0.000858 0.423988 0.402805
v 0.014705 0.397713 0.395501
v -0.015903 0.398147 0.392744
v 0.014911 0.415100 0.400496
v -0.016127 0.415215 0.397848
v 0.066745 0.353045 0.258721
v 0.082554 0.344996 0.248458
v 0.080226 0.341371 0.245692
v 0.088280 0.336935 0.240892
v 0.062294 0.360612 0.267763
v 0.070154 0.356973 0.261853
v -0.066086 0.352262 0.258322
v -0.081910 0.344387 0.248011
v -0.079484 0.340626 0.245122
v -0.087609 0.336279 0.240356
v -0.061830 0.359849 0.267342
v -0.069600 0.356216 0.261395
v 0.050513 0.434506 0.316378
v 0.057689 0.408689 0.288040
v 0.053185 0.432297 0.303924
v 0.056513 0.419036 0.290193
v 0.051162 0.424130 0.314393
v 0.054914 0.411477 0.299216
v -0.050706 0.434428 0.315953
v -0.057665 0.408317 0.287721
v -0.053354 0.432421 0.303790
v -0.056566 0.418894 0.289963
v -0.051273 0.423792 0.313729
v -0.054931 0.411035 0.298720
v 0.000080 0.272058 -0.164410
v 0.000284 0.303702 -0.137928
v 0.004238 0.279419 -0.158067
v -0.003928 0.280487 -0.157286
v 0.004058 0.295370 -0.144742
v -0.003509 0.296066 -0.144318
v 0.027328 0.219343 -0.162487
v 0.034689 0.245151 -0.133292
v 0.029766 0.217617 -0.154725
v 0.033658 0.231456 -0.138888
v 0.027752 0.235600 -0.155091
v 0.031408 0.247566 -0.141449
v -0.028412 0.230757 -0.155081
v -0.035456 0.250895 -0.130069
v -0.031162 0.228227 -0.147933
v -0.034800 0.238897 -0.134397
v -0.028534 0.244299 -0.149666
v -0.032033 0.253761 -0.137935
v 0.013849 0.372176 -0.063923
v 0.024039 0.356257 -0.065596
v 0.013771 0.381877 -0.053013
v 0.019136 0.373359 -0.053517
v 0.017689 0.354274 -0.077180
v 0.022639 0.346659 -0.078336
v -0.013648 0.371743 -0.064569
v -0.023819 0.356069 -0.066121
v -0.013608 0.381268 -0.053670
v -0.018946 0.372920 -0.054106
v -0.017429 0.354166 -0.077674
v -0.022353 0.346656 -0.078777
v 0.075216 0.324948 0.135949
v 0.094593 0.315643 0.168209
v 0.075765 0.327629 0.142844
v 0.083738 0.322757 0.159923
v 0.082758 0.318749 0.147908
v 0.094469 0.313807 0.163133
v -0.075830 0.325107 0.139666
v -0.095326 0.316023 0.170968
v -0.076165 0.327391 0.146098
v -0.084353 0.322760 0.162594
v -0.083793 0.319241 0.151465
v -0.095281 0.314376 0.166112
v -0.010706 0.469416 0.098694
v -0.005812 0.473245 0.096828
v -0.011718 0.470346 0.117504
v -0.007519 0.471612 0.078706
v -0.008824 0.472318 0.117272
v -0.005448 0.473603 0.077048
v -0.025702 0.465265 0.153015
v -0.027711 0.471474 0.193434
v -0.021375 0.468859 0.154975
v -0.031850 0.463761 0.169797
v -0.022199 0.471677 0.175104
v -0.032998 0.467102 0.190161
v -0.010212 0.467481 0.052760
v -0.006664 0.475520 0.016493
v -0.007471 0.472116 0.045857
v -0.010870 0.465491 0.042148
v -0.005954 0.476239 0.027325
v -0.008738 0.469252 0.024088
v -0.025650 0.449937 0.082469
v -0.031799 0.436217 0.067868
v -0.020187 0.451944 0.062505
v -0.034429 0.442526 0.095216
v -0.022200 0.445910 0.054970
v -0.038142 0.435064 0.088020
v -0.039225 0.450310 0.141243
v -0.055192 0.437706 0.169200
v -0.042085 0.452504 0.161108
v -0.043942 0.443583 0.135278
v -0.049820 0.446949 0.175455
v -0.052653 0.436573 0.149137
v 0.010649 0.469600 0.098662
v 0.005956 0.473333 0.096831
v 0.011641 0.470493 0.117532
v 0.007666 0.471810 0.078653
v 0.008871 0.472401 0.117315
v 0.005622 0.473776 0.077007
v 0.025486 0.465404 0.153120
v 0.027755 0.471423 0.193563
v 0.021261 0.468952 0.155085
v 0.031676 0.463928 0.170037
v 0.022189 0.471746 0.175301
v 0.033017 0.467003 0.190299
v 0.010246 0.467880 0.052647
v 0.006941 0.476159 0.016346
v 0.007703 0.472512 0.045879
v 0.010831 0.466063 0.041909
v 0.006216 0.476798 0.027049
v 0.008838 0.470004 0.023919
v 0.025284 0.450143 0.082115
v 0.031010 0.436882 0.067112
v 0.019801 0.452316 0.062182
v 0.033953 0.442827 0.094648
v 0.021618 0.446419 0.054344
v 0.037531 0.435581 0.087248
v 0.038827 0.450514 0.141068
v 0.054827 0.438305 0.168975
v 0.041743 0.452772 0.161161
v 0.043522 0.443794 0.134832
v 0.049450 0.447452 0.175541
v 0.052216 0.437079 0.148574
v -0.040319 0.280863 0.040296
v -0.026355 0.269697 0.023620
v -0.042366 0.289490 0.060316
v -0.032979 0.266005 0.010194
v -0.034593 0.284552 0.052532
v -0.026525 0.259855 0.000631
v -0.069254 0.309608 0.123719
v -0.080873 0.313988 0.152880
v -0.063169 0.309904 0.115871
v -0.082606 0.310216 0.146654
v -0.067815 0.314254 0.132344
v -0.089618 0.310122 0.159365
v -0.037809 0.258500 -0.010657
v -0.028347 0.226115 -0.076064
v -0.032133 0.249273 -0.027806
v -0.038279 0.253425 -0.023569
v -0.026903 0.232319 -0.061076
v -0.033839 0.237624 -0.056797
v -0.054070 0.284855 0.052059
v -0.056613 0.283053 0.039942
v -0.049245 0.273725 0.021618
v -0.061443 0.292953 0.075590
v -0.050376 0.272536 0.014588
v -0.062888 0.292498 0.070414
v -0.078631 0.305364 0.130600
v -0.105288 0.299428 0.162557
v -0.090814 0.304821 0.149893
v -0.078995 0.304532 0.128418
v -0.104433 0.300276 0.164666
v -0.092389 0.303196 0.146083
v 0.038656 0.279962 0.038928
v 0.024516 0.268908 0.023089
v 0.040765 0.289147 0.059346
v 0.030998 0.265056 0.008826
v 0.032799 0.283741 0.052048
v 0.024498 0.258901 -0.000296
v 0.068067 0.308737 0.120690
v 0.079689 0.313596 0.151340
v 0.061967 0.309355 0.114062
v 0.080892 0.309416 0.142880
v 0.066500 0.313875 0.131090
v 0.087953 0.309640 0.156685
v 0.035657 0.256615 -0.013148
v 0.025790 0.223714 -0.078375
v 0.029985 0.247805 -0.029620
v 0.036099 0.251222 -0.026521
v 0.024582 0.230706 -0.062547
v 0.031526 0.235319 -0.059515
v 0.052459 0.283450 0.047171
v 0.054462 0.281529 0.034159
v 0.047534 0.271922 0.017149
v 0.059034 0.292163 0.069801
v 0.048501 0.270457 0.009752
v 0.060173 0.291615 0.064122
v 0.075557 0.305782 0.126387
v 0.100762 0.301332 0.160130
v 0.087500 0.305756 0.146522
v 0.075599 0.304897 0.123700
v 0.100366 0.302146 0.162279
v 0.087752 0.304488 0.142323
v -0.023353 0.347469 0.240746
v -0.049609 0.338854 0.217277
v -0.017353 0.343396 0.229571
v -0.039385 0.346621 0.239619
v -0.029243 0.339487 0.217748
v -0.053096 0.341061 0.227747
v 0.024656 0.347760 0.240970
v 0.050451 0.339423 0.218072
v 0.018617 0.343640 0.229799
v 0.040559 0.347033 0.239994
v 0.030189 0.339897 0.218114
v 0.054160 0.341470 0.228490
v 0.000134 0.374456 0.312313
v -0.000310 0.381058 0.348605
v 0.009451 0.375970 0.317450
v -0.009348 0.375877 0.317177
v 0.009445 0.379656 0.335182
v -0.009719 0.379607 0.334653
v 0.029752 0.362330 0.274711
v 0.049234 0.359953 0.268101
v 0.041378 0.356092 0.260982
v 0.028721 0.367989 0.287280
v 0.052188 0.353844 0.257817
v 0.037643 0.367776 0.283874
v -0.029141 0.361879 0.274669
v -0.048552 0.359140 0.268070
v -0.040496 0.355401 0.260885
v -0.028408 0.367467 0.287095
v -0.051198 0.353017 0.257725
v -0.037198 0.367151 0.283782
v -0.012943 0.482856 0.321941
v -0.020180 0.484110 0.297683
v -0.008588 0.486150 0.311901
v -0.021260 0.479805 0.320117
v -0.012306 0.486967 0.299495
v -0.024877 0.480176 0.308108
v 0.012419 0.482893 0.322261
v 0.020100 0.484055 0.298013
v 0.008164 0.486181 0.312166
v 0.020837 0.479823 0.320481
v 0.012125 0.486965 0.299877
v 0.024721 0.480129 0.308462
v -0.000828 0.463313 0.366580
v -0.000883 0.448085 0.382075
v 0.009518 0.459563 0.369000
v -0.011121 0.459357 0.368685
v 0.010539 0.451897 0.376312
v -0.012124 0.451745 0.375718
v 0.022807 0.468666 0.346260
v 0.039452 0.455274 0.336747
v 0.028373 0.469358 0.336339
v 0.025547 0.462300 0.352786
v 0.036486 0.462845 0.331688
v 0.034308 0.455349 0.347915
v -0.023955 0.468362 0.345645
v -0.040035 0.455014 0.336153
v -0.029150 0.469040 0.335802
v -0.026724 0.462039 0.351984
v -0.037008 0.462587 0.331280
v -0.035212 0.455072 0.347049
v -0.027822 0.127145 -0.218348
v -0.019933 0.150775 -0.191177
v -0.021580 0.122955 -0.215040
v -0.024772 0.148673 -0.204018
v -0.017460 0.137333 -0.200609
v -0.022861 0.156379 -0.192483
v 0.017849 0.079703 -0.247277
v 0.013884 0.129418 -0.204887
v -0.000314 0.101244 -0.227472
v 0.033020 0.101791 -0.233589
v 0.005543 0.120301 -0.210252
v 0.022054 0.126849 -0.211903
v -0.002090 0.200131 -0.208694
v -0.000502 0.239263 -0.186813
v 0.003916 0.208393 -0.203815
v -0.006718 0.213275 -0.199970
v 0.004144 0.228631 -0.192435
v -0.005581 0.231951 -0.189966
v 0.020437 0.153554 -0.221788
v 0.022725 0.190080 -0.190738
v 0.027272 0.145190 -0.219009
v 0.016006 0.182150 -0.207915
v 0.024642 0.168442 -0.201145
v 0.019033 0.196486 -0.194446
v -0.020009 0.180170 -0.202612
v -0.022993 0.208478 -0.178362
v -0.022755 0.178156 -0.196060
v -0.017425 0.199621 -0.195486
v -0.023610 0.193108 -0.183687
v -0.019761 0.212454 -0.183782
v -0.001587 0.451881 -0.036196
v -0.002296 0.475064 -0.031865
v -0.000845 0.465467 -0.034490
v -0.002826 0.450011 -0.035145
v -0.001326 0.476668 -0.032921
v -0.002996 0.461411 -0.032480
v 0.001455 0.452060 -0.036323
v 0.002643 0.474769 -0.031849
v 0.000727 0.465687 -0.034580
v 0.002867 0.450418 -0.035343
v 0.001293 0.476777 -0.033008
v 0.003299 0.462012 -0.032390
v -0.000176 0.374146 -0.077719
v 0.000044 0.339090 -0.106058
v 0.002234 0.365881 -0.083682
v -0.002448 0.365818 -0.083673
v 0.002669 0.348232 -0.097863
v -0.002656 0.348261 -0.097906
v 0.005396 0.403459 -0.053726
v 0.008256 0.388577 -0.059019
v 0.006048 0.415507 -0.044007
v 0.005733 0.385572 -0.066171
v 0.006821 0.407773 -0.046614
v 0.007813 0.377972 -0.069298
v -0.005778 0.403104 -0.053614
v -0.008225 0.387863 -0.059480
v -0.006064 0.415259 -0.045321
v -0.005902 0.385173 -0.066182
v -0.006828 0.406307 -0.045868
v -0.007759 0.377592 -0.069702
v 0.057768 0.347590 0.001778
v 0.055127 0.371767 0.020351
v 0.052971 0.355606 -0.008346
v 0.061063 0.350802 0.022517
v 0.050424 0.368453 0.001236
v 0.060878 0.362009 0.031806
v 0.056922 0.299754 -0.009457
v 0.055758 0.290381 0.002505
v 0.054438 0.289233 -0.028531
v 0.058917 0.304224 0.015371
v 0.053526 0.283714 -0.024065
v 0.058571 0.300211 0.023116
v 0.050112 0.292081 -0.068581
v 0.042910 0.269567 -0.101897
v 0.049950 0.281846 -0.070496
v 0.046688 0.293407 -0.081239
v 0.046329 0.270099 -0.088126
v 0.043117 0.282559 -0.097117
v 0.048071 0.329244 -0.052312
v 0.036740 0.341767 -0.063186
v 0.045919 0.343236 -0.043162
v 0.045069 0.320530 -0.068254
v 0.039383 0.350216 -0.048422
v 0.040015 0.326219 -0.074167
v 0.062788 0.326405 0.036020
v 0.067083 0.328821 0.086239
v 0.064299 0.334904 0.047628
v 0.063151 0.320702 0.047416
v 0.066214 0.335554 0.071784
v 0.065412 0.322694 0.073764
v 0.092024 0.341118 0.218481
v 0.076553 0.360396 0.217306
v 0.082886 0.354447 0.226537
v 0.092759 0.337014 0.211304
v 0.076215 0.364378 0.226600
v 0.083592 0.346237 0.210198
v 0.127496 0.303450 0.202287
v 0.132817 0.296094 0.196315
v 0.126901 0.303778 0.203758
v 0.130582 0.299910 0.198102
v 0.130495 0.299239 0.199955
v 0.132640 0.296779 0.195488
v 0.104382 0.329489 0.226130
v 0.095002 0.337260 0.237164
v 0.111095 0.321123 0.220404
v 0.093521 0.341967 0.237176
v 0.106709 0.324876 0.225280
v 0.088856 0.345869 0.243285
v 0.084605 0.354818 0.239215
v 0.067757 0.381748 0.261763
v 0.078457 0.363603 0.242063
v 0.081198 0.359184 0.246278
v 0.070511 0.377481 0.252943
v 0.072162 0.372392 0.257894
v 0.120116 0.309657 0.200059
v 0.114054 0.309181 0.188032
v 0.111587 0.315675 0.199139
v 0.126024 0.303647 0.196158
v 0.108068 0.315181 0.192285
v 0.123464 0.303598 0.190962
v -0.058243 0.346366 0.003401
v -0.055999 0.370352 0.021311
v -0.053633 0.354554 -0.007379
v -0.061543 0.349340 0.024444
v -0.051297 0.367297 0.001966
v -0.061506 0.360431 0.033508
v -0.057009 0.300787 -0.006644
v -0.056716 0.292424 0.006125
v -0.054668 0.290131 -0.025747
v -0.059114 0.306026 0.018758
v -0.054110 0.285279 -0.020810
v -0.059323 0.302791 0.026847
v -0.050474 0.292705 -0.066953
v -0.043346 0.271881 -0.100231
v -0.050331 0.282801 -0.068510
v -0.047059 0.293950 -0.080234
v -0.046738 0.271735 -0.086556
v -0.043465 0.283947 -0.095933
v -0.048484 0.328979 -0.051765
v -0.036697 0.341708 -0.063443
v -0.046340 0.342820 -0.042963
v -0.045331 0.320559 -0.067733
v -0.039736 0.349766 -0.048481
v -0.039964 0.326252 -0.074173
v -0.062974 0.326400 0.038978
v -0.067491 0.329063 0.089683
v -0.064829 0.334017 0.050523
v -0.062912 0.321868 0.050793
v -0.066601 0.334953 0.074852
v -0.064756 0.324303 0.077362
v -0.091695 0.340790 0.217713
v -0.076366 0.359879 0.216995
v -0.082605 0.354028 0.225957
v -0.092469 0.336724 0.210556
v -0.075946 0.363872 0.226111
v -0.083515 0.345777 0.209759
v -0.127448 0.303533 0.201662
v -0.133871 0.295871 0.195156
v -0.126842 0.303862 0.203325
v -0.130954 0.299781 0.197186
v -0.130892 0.299129 0.199311
v -0.133535 0.296546 0.194428
v -0.103356 0.329983 0.226009
v -0.094214 0.337122 0.236885
v -0.110163 0.321668 0.220286
v -0.092711 0.342036 0.236969
v -0.105917 0.325054 0.225062
v -0.088121 0.345678 0.243031
v -0.084044 0.354668 0.238861
v -0.067447 0.381263 0.261609
v -0.078072 0.363213 0.241716
v -0.080650 0.358963 0.246039
v -0.070170 0.376955 0.252710
v -0.071817 0.371950 0.257761
v -0.119483 0.309985 0.199395
v -0.113788 0.309931 0.188776
v -0.111145 0.315868 0.198680
v -0.125399 0.304248 0.195626
v -0.108283 0.315315 0.192755
v -0.123078 0.304424 0.191030
v -0.005433 0.477085 0.158653
v -0.012235 0.480123 0.199457
v -0.009229 0.475930 0.158175
v -0.012978 0.476916 0.178218
v -0.004139 0.479468 0.179727
v -0.007210 0.481553 0.200514
v -0.001101 0.480494 0.035741
v -0.002015 0.485890 0.004072
v -0.002237 0.479757 0.036474
v -0.002669 0.482230 0.019640
v -0.000487 0.483962 0.017573
v -0.000957 0.486844 0.002647
v 0.005679 0.477070 0.158698
v 0.012556 0.480077 0.199519
v 0.009420 0.475944 0.158203
v 0.013191 0.476898 0.178309
v 0.004492 0.479444 0.179792
v 0.007629 0.481538 0.200651
v 0.001605 0.480562 0.035700
v 0.002458 0.486164 0.003819
v 0.002653 0.479917 0.036345
v 0.003026 0.482540 0.019597
v 0.001124 0.484000 0.017558
v 0.001558 0.486948 0.002507
v -0.045764 0.461785 0.238153
v -0.056619 0.442362 0.224978
v -0.045824 0.459686 0.219999
v -0.051620 0.450943 0.214015
v -0.050982 0.454777 0.248919
v -0.056013 0.444055 0.241520
v -0.006647 0.488257 0.257010
v 0.007006 0.488185 0.257041
v -0.003593 0.489432 0.273067
v 0.003812 0.489407 0.273169
v -0.002866 0.487169 0.240160
v 0.003333 0.487129 0.240101
v -0.042184 0.466990 0.285929
v -0.049714 0.451899 0.299734
v -0.039825 0.468325 0.299963
v -0.043833 0.461363 0.307243
v -0.048336 0.458543 0.279806
v -0.051854 0.450210 0.286323
v -0.007812 0.460822 -0.002587
v -0.015039 0.440040 0.014104
v -0.009686 0.459761 0.010048
v -0.013349 0.449943 0.019561
v -0.008161 0.449944 -0.006200
v -0.011569 0.439404 0.000622
v -0.000853 0.489139 -0.024324
v 0.001138 0.489241 -0.024397
v -0.000409 0.487088 -0.028467
v 0.000603 0.487156 -0.028474
v -0.000197 0.490189 -0.018668
v 0.000686 0.490224 -0.018704
v -0.004570 0.452125 -0.024644
v -0.006294 0.417704 -0.033606
v -0.004219 0.445518 -0.028831
v -0.005115 0.427473 -0.033030
v -0.005384 0.442189 -0.021951
v -0.006454 0.425621 -0.026507
v -0.061695 0.404794 0.107256
v -0.065845 0.401348 0.148437
v -0.058024 0.416113 0.114529
v -0.061626 0.415366 0.135378
v -0.066326 0.390513 0.121363
v -0.067033 0.387883 0.141588
v -0.027862 0.399910 -0.003766
v -0.021355 0.388860 -0.030444
v -0.033569 0.385288 -0.012147
v -0.030019 0.379657 -0.026711
v -0.018113 0.410861 -0.010275
v -0.015607 0.405304 -0.021883
v -0.066623 0.370537 0.085759
v -0.069233 0.346557 0.115626
v -0.066750 0.360442 0.077985
v -0.067837 0.349728 0.092706
v -0.067681 0.367711 0.107641
v -0.068858 0.354327 0.122481
v -0.063569 0.406522 0.241872
v -0.060558 0.412828 0.266521
v -0.065413 0.394365 0.244375
v -0.063813 0.398029 0.255475
v -0.060664 0.421524 0.252237
v -0.059227 0.424384 0.265772
v -0.071403 0.352840 0.183672
v -0.079153 0.332336 0.172637
v -0.078837 0.340734 0.190553
v -0.084589 0.330885 0.184908
v -0.069371 0.354301 0.168142
v -0.071520 0.343259 0.162710
v 0.045625 0.461986 0.238530
v 0.056538 0.442482 0.225263
v 0.045697 0.459893 0.220357
v 0.051438 0.451173 0.214312
v 0.050865 0.454971 0.249383
v 0.055937 0.444429 0.242124
v 0.041883 0.467276 0.286484
v 0.049398 0.451942 0.299942
v 0.039583 0.468351 0.300279
v 0.043541 0.461398 0.307474
v 0.048157 0.458594 0.280224
v 0.051592 0.450099 0.286578
v 0.008040 0.461381 -0.002736
v 0.014609 0.440739 0.013976
v 0.009778 0.460009 0.010030
v 0.013070 0.450391 0.019277
v 0.008309 0.450556 -0.006168
v 0.011485 0.439879 0.000905
v 0.005159 0.453006 -0.024479
v 0.006862 0.418711 -0.033112
v 0.004826 0.446482 -0.028671
v 0.005581 0.428619 -0.032647
v 0.005915 0.442930 -0.021891
v 0.006959 0.426502 -0.026178
v 0.060948 0.405915 0.105789
v 0.065710 0.402363 0.147273
v 0.057306 0.416897 0.113245
v 0.061096 0.415988 0.134122
v 0.065904 0.391962 0.119889
v 0.066900 0.389433 0.140246
v 0.027254 0.400714 -0.003869
v 0.021496 0.389334 -0.029984
v 0.032991 0.386082 -0.012198
v 0.029750 0.380239 -0.026463
v 0.017767 0.411527 -0.010107
v 0.015566 0.405899 -0.021542
v 0.066224 0.372426 0.083862
v 0.069078 0.347921 0.113002
v 0.066492 0.362284 0.075889
v 0.067591 0.351147 0.090195
v 0.067292 0.369620 0.105626
v 0.068752 0.356096 0.120175
v 0.063700 0.406999 0.242136
v 0.060594 0.413062 0.266804
v 0.065612 0.394857 0.244741
v 0.064017 0.398464 0.255774
v 0.060682 0.421902 0.252642
v 0.059157 0.424524 0.266121
v 0.071565 0.354512 0.183296
v 0.078710 0.333144 0.171361
v 0.078684 0.341605 0.190558
v 0.084149 0.331479 0.184440
v 0.069701 0.356697 0.167096
v 0.071507 0.345212 0.161308
v -0.020608 0.295105 0.091516
v -0.042885 0.315819 0.135868
v -0.033439 0.299686 0.094774
v -0.045328 0.311306 0.118765
v -0.015937 0.301583 0.113015
v -0.025860 0.311116 0.133219
v -0.008888 0.221292 -0.069526
v -0.012191 0.199216 -0.112473
v -0.014528 0.226161 -0.063518
v -0.015736 0.215630 -0.085299
v -0.005610 0.205903 -0.096676
v -0.007431 0.194229 -0.117687
v 0.019262 0.294944 0.091533
v 0.041724 0.315934 0.136232
v 0.031980 0.299403 0.094772
v 0.043863 0.311121 0.118938
v 0.014797 0.301560 0.113319
v 0.025087 0.311193 0.133538
v 0.007071 0.220714 -0.069704
v 0.009820 0.197276 -0.113666
v 0.012478 0.225070 -0.064223
v 0.013363 0.214029 -0.086274
v 0.003639 0.205419 -0.096716
v 0.005331 0.193126 -0.118134
v -0.114460 0.299562 0.189855
v -0.126222 0.292281 0.189298
v -0.113478 0.298910 0.183190
v -0.119314 0.295151 0.183735
v -0.119656 0.297837 0.196024
v -0.125462 0.294289 0.194619
v -0.021038 0.327246 0.180709
v 0.021364 0.327680 0.180994
v -0.010464 0.331177 0.194074
v 0.010981 0.331431 0.194144
v -0.010132 0.320992 0.166980
v 0.010236 0.321074 0.167211
v -0.094055 0.318504 0.213323
v -0.089154 0.327061 0.228967
v -0.080736 0.329063 0.223692
v -0.078299 0.333213 0.232342
v -0.105656 0.311060 0.211310
v -0.103745 0.315128 0.217975
v -0.033079 0.218872 -0.102321
v -0.042373 0.247390 -0.054130
v -0.036506 0.233045 -0.074367
v -0.041420 0.246957 -0.049434
v -0.034386 0.219906 -0.106084
v -0.038833 0.234276 -0.083359
v -0.007117 0.157657 -0.170658
v 0.001945 0.154908 -0.171913
v -0.006467 0.145555 -0.184581
v -0.001256 0.143256 -0.185636
v -0.003872 0.166829 -0.157222
v 0.000208 0.166024 -0.157484
v -0.026388 0.187890 -0.159387
v -0.029105 0.205039 -0.156150
v -0.025460 0.182869 -0.171009
v -0.026485 0.192660 -0.168949
v -0.029462 0.200583 -0.145275
v -0.030990 0.207887 -0.144229
v -0.082223 0.309484 0.118520
v -0.106847 0.300924 0.159323
v -0.082828 0.305648 0.121828
v -0.093790 0.303587 0.144294
v -0.090513 0.311265 0.138592
v -0.104362 0.304611 0.156565
v -0.045907 0.255307 -0.063342
v -0.040621 0.241541 -0.107636
v -0.047279 0.260223 -0.065699
v -0.044779 0.253934 -0.088239
v -0.041688 0.241323 -0.087265
v -0.039033 0.233769 -0.108653
v -0.072473 0.314015 0.094723
v -0.077715 0.319374 0.130568
v -0.066564 0.316740 0.085522
v -0.069238 0.319400 0.104003
v -0.079114 0.316389 0.123671
v -0.084629 0.316084 0.139383
v -0.130210 0.295638 0.198757
v -0.113624 0.312477 0.216465
v -0.127374 0.300500 0.203284
v -0.118650 0.309275 0.212353
v -0.125894 0.298313 0.202116
v -0.118191 0.306217 0.210562
v -0.129008 0.295508 0.182970
v -0.116087 0.304051 0.176706
v -0.130659 0.296422 0.186528
v -0.125532 0.300050 0.184213
v -0.119543 0.299910 0.174115
v -0.112436 0.304536 0.170660
v 0.113378 0.300808 0.191039
v 0.124000 0.293991 0.190632
v 0.111871 0.300014 0.183418
v 0.117143 0.296651 0.184171
v 0.118861 0.299305 0.197775
v 0.123909 0.296028 0.196455
v 0.094952 0.319060 0.214946
v 0.090373 0.327668 0.229774
v 0.081842 0.329584 0.224811
v 0.079535 0.333844 0.233115
v 0.106308 0.311983 0.212917
v 0.104616 0.316000 0.219177
v 0.031142 0.214742 -0.106196
v 0.040923 0.244070 -0.058605
v 0.034600 0.229812 -0.078021
v 0.039722 0.243868 -0.053485
v 0.032691 0.215342 -0.110021
v 0.037471 0.230548 -0.087204
v 0.024264 0.175514 -0.167712
v 0.027188 0.190759 -0.165723
v 0.024109 0.165042 -0.182888
v 0.025229 0.173960 -0.181725
v 0.027469 0.190926 -0.151744
v 0.029073 0.197516 -0.151186
v 0.077872 0.307547 0.111013
v 0.101657 0.302190 0.155136
v 0.077768 0.305011 0.113561
v 0.088605 0.304636 0.137609
v 0.087811 0.309343 0.134438
v 0.101266 0.303486 0.153995
v 0.045057 0.252415 -0.067164
v 0.039537 0.237039 -0.110833
v 0.046720 0.257972 -0.068934
v 0.044099 0.251121 -0.090995
v 0.040568 0.237329 -0.091145
v 0.037691 0.228466 -0.112708
v 0.069363 0.311582 0.090798
v 0.076703 0.317984 0.126786
v 0.066529 0.311323 0.080795
v 0.069271 0.317059 0.099540
v 0.078068 0.314103 0.120210
v 0.083446 0.314862 0.136873
v 0.128196 0.297218 0.200766
v 0.113636 0.313138 0.217227
v 0.126489 0.301054 0.204292
v 0.118405 0.309633 0.213094
v 0.124420 0.299983 0.203956
v 0.117718 0.307393 0.211750
v 0.127820 0.294901 0.184028
v 0.116045 0.302576 0.175871
v 0.129969 0.295715 0.187610
v 0.125546 0.298633 0.184397
v 0.118676 0.298429 0.174313
v 0.112094 0.303054 0.169837
v 0.029185 0.392070 0.345222
v 0.042220 0.380618 0.302389
v 0.027629 0.384692 0.330263
v 0.034845 0.380338 0.309829
v 0.036320 0.395180 0.334124
v 0.042136 0.388227 0.313149
v -0.029359 0.392040 0.343206
v -0.042249 0.380020 0.301529
v -0.027697 0.384673 0.329222
v -0.034876 0.380043 0.309114
v -0.036392 0.394939 0.332436
v -0.042134 0.387766 0.311990
v 0.032243 0.425933 0.367067
v 0.043663 0.427336 0.339768
v 0.031371 0.436996 0.365868
v 0.037868 0.437784 0.353437
v 0.038428 0.416382 0.350041
v 0.043501 0.416710 0.336112
v -0.032784 0.425269 0.365047
v -0.043925 0.426681 0.338445
v -0.032163 0.436387 0.364338
v -0.038538 0.437190 0.352143
v -0.038687 0.415693 0.347894
v -0.043627 0.415934 0.334396
v 0.062545 0.374204 0.277148
v 0.057382 0.392355 0.290023
v 0.068187 0.370942 0.269043
v 0.064356 0.380054 0.274912
v 0.054364 0.385722 0.293368
v 0.053013 0.394676 0.300380
v -0.062164 0.373374 0.276655
v -0.057275 0.391557 0.289474
v -0.067735 0.370209 0.268696
v -0.064062 0.379311 0.274596
v -0.054154 0.384956 0.292651
v -0.052930 0.393890 0.299575
v 0.012824 0.262794 -0.164876
v 0.020909 0.247078 -0.163195
v 0.013167 0.245480 -0.175513
v 0.017333 0.236807 -0.174778
v 0.016575 0.271531 -0.154581
v 0.020630 0.264106 -0.153853
v -0.012934 0.266929 -0.161910
v -0.021369 0.254258 -0.158642
v -0.013666 0.251368 -0.171443
v -0.017970 0.244938 -0.169523
v -0.016534 0.275544 -0.151840
v -0.020756 0.269181 -0.150617
v 0.010474 0.313239 -0.125311
v 0.014989 0.333807 -0.101391
v 0.009147 0.331554 -0.109077
v 0.011162 0.341702 -0.097907
v 0.014640 0.305448 -0.129003
v 0.017220 0.315650 -0.116777
v -0.010176 0.313954 -0.125021
v -0.014718 0.334129 -0.101521
v -0.008921 0.331840 -0.109101
v -0.010949 0.341851 -0.098081
v -0.014317 0.306688 -0.128405
v -0.016875 0.316481 -0.116573
v 0.031621 0.278733 -0.126018
v 0.029081 0.312020 -0.105151
v 0.035161 0.289815 -0.112288
v 0.033997 0.305909 -0.102859
v 0.027536 0.284376 -0.129566
v 0.026287 0.301375 -0.118440
v -0.031656 0.281934 -0.124240
v -0.028783 0.312980 -0.104943
v -0.035197 0.291615 -0.111331
v -0.033838 0.306964 -0.102329
v -0.027398 0.287400 -0.127932
v -0.026021 0.302951 -0.117794
v -0.018225 0.464988 0.118027
v -0.012894 0.465832 0.084819
v -0.014860 0.467888 0.117818
v -0.010009 0.468940 0.081247
v -0.027860 0.459083 0.131789
v -0.020055 0.466622 0.135813
v -0.030142 0.461014 0.150235
v -0.017273 0.459940 0.079865
v -0.009806 0.468512 0.065671
v -0.013684 0.462337 0.060956
v -0.027979 0.453931 0.109027
v -0.018511 0.456592 0.070777
v -0.031052 0.448814 0.102295
v -0.034638 0.456044 0.146315
v -0.035560 0.448992 0.121761
v 0.017899 0.465187 0.117969
v 0.012741 0.466152 0.084715
v 0.014652 0.468065 0.117815
v 0.009984 0.469263 0.081173
v 0.027458 0.459297 0.131695
v 0.019818 0.466763 0.135847
v 0.029835 0.461192 0.150284
v 0.016918 0.460284 0.079654
v 0.009853 0.468875 0.065610
v 0.013549 0.462705 0.060786
v 0.027444 0.454222 0.108729
v 0.018250 0.456849 0.070524
v 0.030615 0.449030 0.101924
v 0.034286 0.456231 0.146275
v 0.035124 0.449168 0.121434
v -0.053284 0.296267 0.078356
v -0.044052 0.278167 0.034183
v -0.048535 0.293647 0.069267
v -0.038942 0.272568 0.021362
v -0.065828 0.303713 0.108751
v -0.057939 0.303540 0.097284
v -0.074074 0.308045 0.128741
v -0.048041 0.279460 0.038244
v -0.038059 0.264955 0.004323
v -0.043153 0.267411 0.008459
v -0.059178 0.296293 0.085232
v -0.048350 0.276156 0.029515
v -0.059962 0.294509 0.080799
v -0.077475 0.306309 0.130990
v -0.068178 0.301509 0.106939
v 0.051934 0.295525 0.076059
v 0.042174 0.276739 0.031936
v 0.047079 0.292971 0.067723
v 0.036939 0.271134 0.019725
v 0.064388 0.303083 0.104960
v 0.056715 0.303072 0.095245
v 0.072532 0.307551 0.125440
v 0.046345 0.277787 0.034811
v 0.035916 0.263291 0.002284
v 0.041174 0.265444 0.005334
v 0.057338 0.295434 0.080909
v 0.046698 0.274387 0.025554
v 0.057944 0.293600 0.075787
v 0.075242 0.306200 0.126942
v 0.065406 0.301586 0.102499
v 0.000741 0.352313 0.253243
v -0.016875 0.356933 0.263871
v -0.007324 0.347683 0.241671
v -0.027105 0.351786 0.251713
v 0.017980 0.357143 0.263906
v 0.008794 0.347796 0.241724
v 0.028282 0.352126 0.251871
v 0.009817 0.366903 0.287872
v -0.009043 0.366878 0.288072
v 0.009728 0.371764 0.301892
v -0.009292 0.371652 0.301795
v 0.029803 0.356976 0.262979
v 0.019320 0.367620 0.288631
v -0.028895 0.356571 0.262946
v -0.018931 0.367360 0.288586
v -0.000311 0.481852 0.332012
v -0.012222 0.477105 0.339743
v -0.004486 0.484395 0.322804
v -0.016996 0.478733 0.330729
v 0.011243 0.477253 0.339980
v 0.003971 0.484409 0.322992
v 0.016287 0.478867 0.331082
v 0.007251 0.471017 0.354330
v -0.008589 0.470906 0.354012
v 0.008430 0.465871 0.361723
v -0.009873 0.465713 0.361414
v 0.019732 0.474164 0.339003
v 0.016243 0.467520 0.354836
v -0.020720 0.473879 0.338545
v -0.017560 0.467297 0.354252
v -0.077421 0.049874 -0.271186
v -0.026978 0.137632 -0.225293
v -0.033233 0.099539 -0.235382
v -0.027305 0.140743 -0.216329
v 0.018308 0.095305 -0.259264
v -0.019113 0.079091 -0.247922
v 0.077795 0.048685 -0.271234
v 0.002182 0.158238 -0.229131
v -0.012774 0.168414 -0.219546
v 0.003502 0.185205 -0.215920
v -0.008771 0.192225 -0.209922
v 0.032885 0.115814 -0.240712
v 0.010937 0.168905 -0.220577
v -0.023488 0.160144 -0.209696
v -0.015210 0.185136 -0.207530
v -0.000126 0.439193 -0.039669
v -0.002851 0.424533 -0.044272
v -0.000533 0.452463 -0.036588
v -0.002751 0.437078 -0.038767
v 0.002369 0.424631 -0.044386
v 0.000345 0.452519 -0.036659
v 0.002725 0.437337 -0.039152
v 0.001552 0.399064 -0.060008
v -0.002248 0.398933 -0.059852
v 0.001867 0.382943 -0.070980
v -0.002368 0.382818 -0.070871
v 0.004512 0.421288 -0.043964
v 0.003661 0.392592 -0.063155
v -0.003614 0.421594 -0.045210
v -0.004540 0.392275 -0.062783
v 0.054985 0.330923 -0.026074
v 0.059888 0.329854 0.003111
v 0.054425 0.342905 -0.017716
v 0.060683 0.340044 0.013003
v 0.055445 0.302977 -0.035292
v 0.059161 0.314875 0.000236
v 0.055164 0.295642 -0.032575
v 0.059118 0.309204 0.007709
v 0.052709 0.312480 -0.049086
v 0.052986 0.292900 -0.052589
v 0.049912 0.303426 -0.065282
v 0.051175 0.336732 -0.035725
v 0.049310 0.315836 -0.059802
v 0.062220 0.332893 0.024543
v 0.061043 0.317957 0.022822
v 0.097379 0.337752 0.223569
v 0.110196 0.321523 0.210623
v 0.090157 0.345718 0.225434
v 0.102001 0.328736 0.211306
v 0.116982 0.315426 0.212815
v 0.122312 0.309253 0.205389
v 0.122338 0.309116 0.208172
v 0.127121 0.303950 0.201320
v 0.101182 0.334053 0.225927
v 0.114616 0.317781 0.216154
v 0.097609 0.338008 0.231361
v 0.087614 0.350362 0.232306
v 0.091025 0.346418 0.235707
v 0.112053 0.317849 0.205075
v 0.125230 0.305640 0.200693
v -0.055380 0.330455 -0.024615
v -0.060182 0.329154 0.005553
v -0.054882 0.342138 -0.016352
v -0.061019 0.338852 0.015196
v -0.055882 0.303063 -0.032925
v -0.059465 0.314944 0.002835
v -0.055466 0.296146 -0.029789
v -0.059300 0.310089 0.010644
v -0.053098 0.312463 -0.047598
v -0.053421 0.293279 -0.050293
v -0.050267 0.303756 -0.063732
v -0.051666 0.336284 -0.034886
v -0.049715 0.315819 -0.058816
v -0.062612 0.332051 0.027168
v -0.061161 0.318516 0.025831
v -0.096763 0.337722 0.222857
v -0.109651 0.321487 0.209611
v -0.089712 0.345472 0.224761
v -0.101639 0.328453 0.210302
v -0.116146 0.316044 0.212417
v -0.121627 0.309683 0.204671
v -0.121836 0.309489 0.207839
v -0.127025 0.304006 0.200652
v -0.100231 0.334460 0.225523
v -0.113657 0.318503 0.215949
v -0.096709 0.338286 0.231104
v -0.087085 0.350159 0.231805
v -0.090296 0.346499 0.235390
v -0.111345 0.318012 0.204184
v -0.124667 0.305991 0.199947
v -0.003573 0.474662 0.117145
v -0.002014 0.475739 0.075624
v -0.006112 0.473743 0.117169
v -0.003626 0.474949 0.076133
v 0.003748 0.474659 0.117166
v 0.002300 0.475792 0.075589
v 0.006241 0.473785 0.117183
v 0.003869 0.475057 0.076050
v 0.000122 0.476113 0.138096
v -0.006089 0.475128 0.137817
v -0.001703 0.477633 0.158927
v 0.000225 0.478074 0.054994
v -0.002088 0.477411 0.055514
v -0.000144 0.480793 0.035486
v 0.006242 0.475138 0.137838
v 0.001995 0.477629 0.158947
v 0.002441 0.477508 0.055446
v 0.000708 0.480804 0.035480
v -0.022186 0.478556 0.216628
v -0.033738 0.472864 0.229621
v -0.022449 0.475163 0.196140
v -0.033647 0.470191 0.210323
v -0.018131 0.485730 0.270622
v -0.030310 0.478790 0.280437
v -0.015502 0.486810 0.285732
v -0.027919 0.479748 0.294749
v -0.015249 0.484346 0.238056
v -0.017270 0.478047 0.198118
v -0.010943 0.483464 0.220236
v -0.038741 0.471255 0.260606
v -0.039810 0.466983 0.225271
v -0.045174 0.463753 0.255262
v -0.010949 0.488189 0.272178
v -0.009082 0.486235 0.239482
v -0.035256 0.474122 0.290944
v -0.043943 0.465504 0.271133
v -0.004150 0.484173 -0.003232
v -0.006226 0.476034 -0.004654
v -0.004896 0.480578 0.010603
v -0.007255 0.473120 0.008106
v -0.002626 0.485310 -0.026821
v -0.004142 0.474228 -0.026257
v -0.001908 0.482529 -0.030374
v -0.003491 0.469480 -0.029831
v -0.002373 0.488567 -0.016804
v -0.003341 0.483944 0.006581
v -0.001604 0.488552 -0.008794
v -0.005470 0.469240 -0.017362
v -0.007638 0.468419 0.002089
v -0.006347 0.460027 -0.012228
v -0.001464 0.486610 -0.027972
v -0.001195 0.489739 -0.018263
v -0.004149 0.461456 -0.027181
v -0.005241 0.457086 -0.019353
v -0.028920 0.428227 0.041868
v -0.046667 0.416720 0.073631
v -0.025012 0.438048 0.048124
v -0.042257 0.426428 0.080877
v -0.043285 0.392642 0.020596
v -0.058482 0.383730 0.050311
v -0.047802 0.380088 0.011418
v -0.060548 0.371939 0.041987
v -0.027270 0.416506 0.018328
v -0.019378 0.439520 0.030076
v -0.017589 0.428391 0.008727
v -0.060557 0.394720 0.079024
v -0.052837 0.416563 0.093830
v -0.064326 0.393015 0.100199
v -0.038018 0.389565 0.003606
v -0.021954 0.414652 0.002957
v -0.064268 0.372064 0.063641
v -0.065926 0.381417 0.093209
v -0.061240 0.428274 0.199933
v -0.064327 0.414395 0.174438
v -0.056502 0.439058 0.188708
v -0.059916 0.426970 0.162458
v -0.067501 0.387935 0.220952
v -0.070338 0.369332 0.202151
v -0.070756 0.375154 0.224736
v -0.075690 0.356446 0.207275
v -0.062897 0.416821 0.223788
v -0.056916 0.440599 0.207389
v -0.060075 0.431360 0.233204
v -0.067479 0.384485 0.177980
v -0.063660 0.414721 0.155566
v -0.067157 0.385733 0.160506
v -0.066701 0.390904 0.232946
v -0.061877 0.418934 0.238188
v -0.073835 0.353892 0.196481
v -0.068332 0.368826 0.173077
v 0.022465 0.478552 0.216962
v 0.033771 0.472962 0.229948
v 0.022552 0.475141 0.196268
v 0.033730 0.470134 0.210514
v 0.018302 0.485714 0.270964
v 0.030228 0.478839 0.280777
v 0.015475 0.486815 0.286129
v 0.027818 0.479769 0.295169
v 0.015766 0.484219 0.238245
v 0.017506 0.477995 0.198193
v 0.011440 0.483414 0.220414
v 0.011119 0.488182 0.272565
v 0.009618 0.486133 0.239533
v 0.038638 0.471311 0.260817
v 0.039745 0.467144 0.225646
v 0.044963 0.463939 0.255616
v 0.035110 0.474183 0.291356
v 0.043729 0.465706 0.271601
v 0.004490 0.484725 -0.003539
v 0.006564 0.476805 -0.005160
v 0.005225 0.481181 0.010316
v 0.007506 0.473919 0.007833
v 0.002957 0.485584 -0.026960
v 0.004688 0.474905 -0.026147
v 0.002141 0.482650 -0.030434
v 0.004000 0.470283 -0.029623
v 0.002680 0.488935 -0.017333
v 0.003711 0.484366 0.006390
v 0.002003 0.488806 -0.009111
v 0.001693 0.486715 -0.028108
v 0.001603 0.489883 -0.018425
v 0.005957 0.470106 -0.017611
v 0.007894 0.469105 0.001668
v 0.006693 0.460686 -0.012439
v 0.004719 0.462482 -0.026958
v 0.005769 0.457916 -0.019271
v 0.027870 0.429177 0.041100
v 0.045597 0.417753 0.072675
v 0.024216 0.438709 0.047455
v 0.041408 0.427112 0.079992
v 0.042244 0.393788 0.019985
v 0.057527 0.385274 0.049148
v 0.046745 0.381298 0.010859
v 0.059714 0.373609 0.040629
v 0.026136 0.417688 0.017772
v 0.018559 0.440316 0.029338
v 0.017220 0.428954 0.008791
v 0.059654 0.396336 0.077722
v 0.051905 0.417509 0.092633
v 0.063664 0.394673 0.098749
v 0.037179 0.390599 0.003224
v 0.021462 0.415333 0.002979
v 0.063641 0.373874 0.062017
v 0.065370 0.383233 0.091391
v 0.061069 0.428718 0.199758
v 0.064227 0.414895 0.173667
v 0.056258 0.439423 0.188691
v 0.059625 0.427476 0.161794
v 0.067688 0.388759 0.220843
v 0.070362 0.370186 0.202244
v 0.070982 0.375747 0.224952
v 0.075680 0.357096 0.207533
v 0.062921 0.417310 0.223909
v 0.056660 0.440906 0.207436
v 0.059959 0.431657 0.233392
v 0.067596 0.385838 0.177135
v 0.063335 0.415229 0.154475
v 0.067252 0.387222 0.159370
v 0.066915 0.391548 0.233124
v 0.061928 0.419404 0.238589
v 0.073774 0.354788 0.196467
v 0.068695 0.370948 0.171819
v -0.015836 0.274838 0.042584
v -0.012049 0.249762 -0.012126
v -0.025528 0.279035 0.046687
v -0.019421 0.254198 -0.006820
v 0.014276 0.274487 0.042383
v 0.010283 0.249247 -0.012524
v 0.023856 0.278461 0.046360
v 0.017544 0.253434 -0.007290
v -0.000607 0.282450 0.065877
v -0.023719 0.287553 0.069385
v -0.007338 0.292075 0.090345
v -0.000897 0.232353 -0.045235
v -0.013556 0.237710 -0.038838
v -0.003585 0.218730 -0.072371
v 0.022232 0.287186 0.069262
v 0.006140 0.292033 0.090378
v 0.011667 0.236940 -0.039422
v 0.001756 0.218465 -0.072533
v -0.070669 0.319937 0.158660
v -0.095213 0.310623 0.177715
v -0.070443 0.317108 0.146195
v -0.093610 0.309750 0.168775
v -0.054454 0.332752 0.194084
v -0.077573 0.326638 0.205181
v -0.042634 0.336465 0.206253
v -0.066284 0.334212 0.216144
v -0.051055 0.326252 0.167901
v -0.057947 0.318399 0.140366
v -0.037735 0.319663 0.151633
v -0.100676 0.310251 0.196281
v -0.105567 0.304000 0.181128
v -0.111566 0.303070 0.196617
v -0.032189 0.332239 0.193793
v -0.030386 0.323321 0.166533
v -0.080639 0.326851 0.214843
v -0.104739 0.309312 0.204300
v -0.019476 0.199423 -0.118737
v -0.026711 0.206312 -0.115422
v -0.022702 0.215621 -0.091646
v -0.030033 0.221646 -0.088206
v -0.015170 0.159508 -0.174925
v -0.021716 0.171232 -0.169662
v -0.015683 0.148655 -0.188025
v -0.021914 0.163355 -0.181591
v -0.012557 0.176236 -0.149596
v -0.017316 0.206597 -0.103636
v -0.009647 0.184104 -0.135402
v -0.026119 0.193099 -0.142025
v -0.031616 0.219325 -0.096661
v -0.030087 0.206082 -0.125736
v -0.011163 0.151156 -0.181198
v -0.008142 0.170343 -0.154611
v -0.023940 0.175595 -0.171210
v -0.027845 0.195601 -0.144568
v -0.051564 0.272893 0.003181
v -0.062784 0.294648 0.061500
v -0.051240 0.272472 0.008444
v -0.063298 0.293125 0.066054
v -0.052963 0.277687 -0.010993
v -0.060556 0.298002 0.041895
v -0.053552 0.281038 -0.015888
v -0.059525 0.300059 0.034534
v -0.047927 0.262556 -0.031796
v -0.046469 0.260355 -0.023066
v -0.043388 0.248911 -0.057781
v -0.067294 0.304696 0.082629
v -0.071112 0.301638 0.092917
v -0.078668 0.309899 0.110700
v -0.049937 0.268736 -0.039044
v -0.044548 0.251504 -0.060840
v -0.063855 0.310987 0.063842
v -0.075336 0.312216 0.103464
v -0.126069 0.291409 0.182598
v -0.118086 0.294943 0.172720
v -0.116445 0.295291 0.174876
v -0.105319 0.299448 0.161491
v -0.134314 0.292537 0.193207
v -0.134205 0.292374 0.189315
v -0.133707 0.295195 0.195753
v -0.134533 0.294180 0.191878
v -0.131850 0.290866 0.191586
v -0.123629 0.292562 0.183425
v -0.129508 0.291911 0.192925
v -0.126828 0.292892 0.179916
v -0.106901 0.299890 0.160168
v -0.116914 0.297762 0.169630
v -0.133027 0.294761 0.196512
v -0.130486 0.293138 0.195809
v -0.133503 0.293820 0.188446
v -0.124433 0.295753 0.177432
v 0.070007 0.320427 0.158915
v 0.094193 0.311097 0.178182
v 0.069251 0.317185 0.145753
v 0.092640 0.309807 0.168095
v 0.054891 0.333806 0.194917
v 0.078100 0.327286 0.206783
v 0.043328 0.337162 0.206745
v 0.066979 0.334787 0.217257
v 0.051213 0.327313 0.168866
v 0.056830 0.318803 0.140654
v 0.037302 0.320033 0.152160
v 0.032746 0.332955 0.194257
v 0.030426 0.323826 0.167006
v 0.100492 0.311007 0.198098
v 0.104429 0.304760 0.181421
v 0.111250 0.304065 0.198429
v 0.081434 0.327350 0.216192
v 0.105106 0.310162 0.206259
v 0.016606 0.196145 -0.121241
v 0.024101 0.202224 -0.119014
v 0.020171 0.213168 -0.093782
v 0.027506 0.218755 -0.090771
v 0.009747 0.150228 -0.180830
v 0.018351 0.157677 -0.179999
v 0.008003 0.135963 -0.195428
v 0.018768 0.143367 -0.195545
v 0.008963 0.172341 -0.151867
v 0.014789 0.204173 -0.105526
v 0.006983 0.181905 -0.136601
v 0.004323 0.144789 -0.184431
v 0.004451 0.167750 -0.155845
v 0.023590 0.185670 -0.148161
v 0.029414 0.215778 -0.100079
v 0.028022 0.200326 -0.130365
v 0.021629 0.159733 -0.182252
v 0.025648 0.187254 -0.150568
v 0.050138 0.270253 -0.001847
v 0.061416 0.293085 0.054498
v 0.049414 0.269954 0.003459
v 0.061122 0.292056 0.059147
v 0.051796 0.275592 -0.015072
v 0.058909 0.295588 0.037726
v 0.052618 0.279169 -0.019495
v 0.058343 0.297347 0.030679
v 0.046751 0.259780 -0.036212
v 0.044925 0.257402 -0.027672
v 0.042142 0.245548 -0.062002
v 0.066886 0.303950 0.075250
v 0.068877 0.301277 0.084932
v 0.075845 0.310793 0.107076
v 0.049067 0.266538 -0.042697
v 0.043519 0.248307 -0.064866
v 0.062919 0.304361 0.060114
v 0.072672 0.311263 0.099447
v 0.122198 0.293401 0.182631
v 0.112938 0.296934 0.169972
v 0.112332 0.297442 0.173978
v 0.100626 0.300943 0.157313
v 0.132596 0.293304 0.194447
v 0.132338 0.292765 0.190548
v 0.132510 0.295543 0.196961
v 0.133152 0.294487 0.193175
v 0.129529 0.292283 0.193203
v 0.120409 0.294503 0.183791
v 0.127268 0.293691 0.194764
v 0.123137 0.294041 0.179249
v 0.100626 0.301290 0.155976
v 0.113060 0.298267 0.168260
v 0.131895 0.295187 0.197460
v 0.128358 0.294958 0.197958
v 0.132126 0.293796 0.189858
v 0.122135 0.295532 0.177583
v 0.012271 0.388233 0.376181
v -0.012860 0.388443 0.374691
v 0.010239 0.383270 0.355403
v -0.010735 0.383301 0.354410
v 0.013017 0.430666 0.392095
v -0.014068 0.430454 0.390658
v 0.011560 0.442443 0.383810
v -0.012972 0.442172 0.382988
v 0.025258 0.407621 0.380852
v 0.020653 0.387501 0.353564
v 0.031276 0.401812 0.357590
v -0.025751 0.407901 0.377887
v -0.020912 0.387569 0.351812
v -0.031547 0.401795 0.355091
v 0.023236 0.434856 0.378777
v 0.032395 0.413597 0.364789
v -0.024167 0.434259 0.377159
v -0.032754 0.413373 0.362436
v 0.071466 0.345927 0.249994
v 0.054147 0.363970 0.273521
v 0.062153 0.350307 0.254039
v 0.045993 0.366512 0.278992
v 0.095391 0.332700 0.235788
v 0.077295 0.353361 0.255798
v 0.101496 0.328734 0.230509
v 0.083506 0.349656 0.249570
v 0.094375 0.329096 0.233246
v 0.075855 0.339428 0.241481
v 0.100339 0.321872 0.225851
v 0.108021 0.320440 0.223636
v 0.107878 0.317198 0.221559
v 0.058819 0.368680 0.276854
v 0.043502 0.373357 0.290677
v 0.049418 0.379395 0.294002
v 0.072512 0.362019 0.262688
v 0.056230 0.377072 0.285439
v -0.070592 0.345170 0.249583
v -0.053788 0.363192 0.273259
v -0.061185 0.349480 0.253842
v -0.045677 0.365763 0.278944
v -0.094719 0.332263 0.235311
v -0.076643 0.352706 0.255344
v -0.100773 0.328568 0.230172
v -0.082814 0.349209 0.249188
v -0.093629 0.328388 0.232602
v -0.074741 0.338713 0.241017
v -0.099420 0.321122 0.225035
v -0.107575 0.320149 0.223153
v -0.107546 0.316388 0.220772
v -0.058403 0.367835 0.276305
v -0.043388 0.372763 0.290281
v -0.049294 0.378640 0.293214
v -0.071916 0.361291 0.262261
v -0.055963 0.376262 0.284852
v 0.049171 0.444392 0.315833
v 0.047234 0.436188 0.328764
v 0.043580 0.454537 0.324979
v 0.041676 0.446769 0.339972
v 0.060060 0.405520 0.277196
v 0.059125 0.398799 0.284719
v 0.064400 0.391577 0.264788
v 0.064703 0.385734 0.270789
v 0.055439 0.429860 0.291362
v 0.046818 0.453403 0.312759
v 0.053980 0.440549 0.290531
v 0.062168 0.402078 0.266514
v 0.057397 0.427190 0.278824
v 0.051636 0.413838 0.310839
v 0.043058 0.437465 0.341119
v 0.047811 0.415621 0.323018
v 0.061300 0.389306 0.280203
v 0.052255 0.403974 0.306226
v -0.049424 0.444316 0.315565
v -0.047502 0.435967 0.328035
v -0.043939 0.454366 0.324634
v -0.042283 0.446452 0.339160
v -0.059996 0.405174 0.276971
v -0.058985 0.398255 0.284416
v -0.064180 0.391135 0.264584
v -0.064431 0.385173 0.270670
v -0.055594 0.429939 0.291236
v -0.047111 0.453315 0.312567
v -0.054230 0.440473 0.290188
v -0.062040 0.401700 0.266259
v -0.057531 0.427157 0.278527
v -0.051689 0.413274 0.310064
v -0.043556 0.436980 0.340034
v -0.047895 0.414925 0.321815
v -0.061069 0.388651 0.279914
v -0.052230 0.403277 0.305385
v 0.004326 0.263389 -0.170074
v -0.004380 0.265048 -0.168898
v 0.004292 0.246672 -0.181382
v -0.004867 0.249001 -0.179694
v 0.003646 0.312063 -0.129841
v -0.003269 0.312504 -0.129577
v 0.003152 0.330198 -0.113429
v -0.002972 0.330217 -0.113560
v 0.008126 0.287283 -0.149931
v 0.008712 0.254506 -0.173975
v 0.012363 0.279352 -0.153245
v -0.007774 0.288947 -0.148759
v -0.009044 0.258182 -0.171287
v -0.012178 0.282129 -0.151265
v 0.006680 0.321513 -0.119967
v 0.011576 0.295924 -0.140191
v -0.006348 0.321790 -0.119996
v -0.011267 0.297612 -0.139074
v 0.026620 0.202977 -0.170142
v 0.024521 0.223301 -0.168126
v 0.024753 0.187095 -0.185239
v 0.021667 0.210369 -0.181071
v 0.037911 0.244749 -0.122644
v 0.035313 0.259552 -0.127039
v 0.042220 0.257618 -0.105765
v 0.039281 0.271057 -0.112498
v 0.032191 0.218276 -0.144233
v 0.025858 0.187305 -0.177144
v 0.030580 0.206690 -0.148598
v 0.041095 0.246838 -0.108557
v 0.034878 0.222147 -0.130151
v 0.028001 0.251847 -0.147240
v 0.021172 0.229247 -0.172142
v 0.024395 0.257454 -0.151455
v 0.035521 0.274216 -0.120415
v 0.027991 0.267901 -0.139076
v -0.028041 0.217422 -0.160245
v -0.025327 0.234469 -0.160975
v -0.025472 0.205940 -0.171977
v -0.022396 0.223970 -0.172305
v -0.038778 0.249672 -0.119566
v -0.035773 0.263668 -0.124908
v -0.042830 0.260658 -0.103644
v -0.039652 0.273841 -0.110759
v -0.033773 0.227552 -0.138386
v -0.027397 0.204640 -0.164896
v -0.032487 0.217188 -0.141661
v -0.041942 0.250582 -0.105873
v -0.036395 0.229206 -0.125576
v -0.028487 0.258128 -0.143576
v -0.021861 0.239239 -0.165775
v -0.024742 0.263295 -0.147826
v -0.035744 0.277235 -0.118731
v -0.028164 0.272454 -0.136463
v 0.010205 0.390525 -0.051543
v 0.013531 0.362124 -0.075166
v 0.008032 0.399224 -0.049327
v 0.010256 0.370058 -0.072404
v 0.025537 0.365150 -0.052849
v 0.028269 0.339409 -0.078544
v 0.032365 0.357427 -0.051262
v 0.034284 0.332520 -0.077375
v 0.013700 0.390942 -0.042489
v 0.007391 0.409494 -0.040606
v 0.009467 0.408905 -0.032935
v 0.027352 0.373193 -0.039898
v 0.014252 0.398959 -0.032135
v 0.021137 0.336556 -0.091112
v 0.012634 0.351896 -0.086553
v 0.019344 0.326138 -0.103992
v 0.031741 0.322510 -0.091507
v 0.024159 0.318794 -0.105422
v -0.009972 0.389806 -0.052280
v -0.013289 0.361896 -0.075711
v -0.008141 0.398258 -0.049855
v -0.010099 0.369719 -0.072986
v -0.025396 0.364831 -0.053361
v -0.027930 0.339477 -0.079024
v -0.032418 0.357136 -0.051672
v -0.033973 0.332657 -0.077826
v -0.013546 0.390186 -0.043105
v -0.007073 0.408502 -0.041254
v -0.009128 0.407973 -0.033549
v -0.027367 0.372744 -0.040328
v -0.014059 0.398374 -0.032619
v -0.020806 0.336781 -0.091450
v -0.012402 0.351878 -0.086922
v -0.018998 0.326614 -0.104234
v -0.031426 0.322943 -0.091560
v -0.023746 0.319462 -0.105625
v 0.070722 0.332100 0.121422
v 0.073731 0.322354 0.126920
v 0.068285 0.334743 0.096560
v 0.068234 0.323608 0.101396
v 0.092938 0.318925 0.173293
v 0.106513 0.309245 0.174939
v 0.101603 0.316302 0.183975
v 0.117093 0.305436 0.184172
v 0.075213 0.331559 0.149149
v 0.068950 0.340947 0.105265
v 0.070559 0.342719 0.135499
v 0.089275 0.324061 0.178551
v 0.073680 0.337125 0.155333
v 0.092552 0.313212 0.157093
v 0.071704 0.319913 0.114927
v 0.088706 0.313763 0.148354
v 0.117713 0.303348 0.180420
v 0.102793 0.308091 0.164169
v -0.071099 0.331639 0.124674
v -0.074453 0.323690 0.131089
v -0.068714 0.334226 0.099722
v -0.068099 0.324867 0.105041
v -0.093561 0.319048 0.175231
v -0.106974 0.310000 0.177151
v -0.102137 0.316448 0.185135
v -0.116822 0.306533 0.185191
v -0.075625 0.330768 0.151729
v -0.069204 0.340015 0.108148
v -0.070524 0.341219 0.138131
v -0.089953 0.323778 0.179849
v -0.074008 0.335848 0.157361
v -0.093581 0.313998 0.159937
v -0.072075 0.322118 0.119105
v -0.089932 0.314644 0.151093
v -0.117628 0.304617 0.181409
v -0.103492 0.309200 0.166182
v -0.012719 0.472000 0.137128
v -0.017203 0.471826 0.156365
v -0.005235 0.474584 0.058224
v -0.005401 0.475711 0.041217
v -0.013160 0.474201 0.157411
v -0.003676 0.478259 0.038011
v -0.038490 0.461625 0.186103
v -0.044153 0.454890 0.181125
v -0.045359 0.457360 0.200921
v -0.011591 0.462189 0.033283
v -0.015701 0.454542 0.043424
v -0.012316 0.457298 0.025782
v -0.043780 0.434902 0.108297
v -0.048726 0.435565 0.128650
v -0.053476 0.426381 0.121687
v 0.012690 0.472060 0.137202
v 0.017159 0.471888 0.156479
v 0.005467 0.474862 0.058121
v 0.005642 0.476160 0.041020
v 0.013226 0.474217 0.157501
v 0.003982 0.478566 0.037927
v 0.038346 0.461737 0.186388
v 0.043852 0.455255 0.181409
v 0.045178 0.457653 0.201319
v 0.011508 0.462773 0.033058
v 0.015500 0.454903 0.043225
v 0.012186 0.457665 0.025552
v 0.043268 0.435237 0.107555
v 0.048279 0.435941 0.127956
v 0.052942 0.426967 0.120747
v -0.044364 0.298218 0.080691
v -0.055427 0.308824 0.107865
v -0.026415 0.249937 -0.021604
v -0.026421 0.240536 -0.042578
v -0.045567 0.305526 0.100378
v -0.020436 0.232777 -0.054618
v -0.096517 0.306003 0.163346
v -0.101519 0.302492 0.164841
v -0.109077 0.300200 0.175168
v -0.039239 0.249813 -0.034220
v -0.044715 0.261467 -0.010232
v -0.040356 0.247682 -0.042823
v -0.070565 0.299837 0.099231
v -0.080282 0.303729 0.125204
v -0.081680 0.304065 0.123138
v 0.042762 0.297764 0.080128
v 0.053970 0.308530 0.106960
v 0.024155 0.248820 -0.022913
v 0.024095 0.239247 -0.043876
v 0.043996 0.305218 0.100262
v 0.018202 0.231436 -0.055570
v 0.094320 0.306216 0.160971
v 0.098480 0.303666 0.162870
v 0.106796 0.301246 0.174434
v 0.037150 0.247333 -0.037712
v 0.042786 0.259088 -0.014262
v 0.038473 0.244927 -0.046684
v 0.066968 0.299372 0.092882
v 0.075893 0.303984 0.119511
v 0.076848 0.303953 0.115882
v -0.009258 0.339361 0.218140
v 0.010385 0.339553 0.218285
v -0.054152 0.343947 0.237774
v -0.053138 0.347903 0.247690
v 0.000443 0.335359 0.206399
v -0.066782 0.339074 0.235214
v 0.055107 0.344423 0.238182
v 0.054247 0.348588 0.247938
v 0.067939 0.339685 0.235824
v 0.018497 0.377275 0.317958
v 0.027566 0.373502 0.300834
v -0.018466 0.377161 0.317567
v -0.027382 0.373159 0.300481
v 0.027038 0.378929 0.315292
v -0.026979 0.378772 0.314742
v -0.004276 0.488400 0.300487
v 0.003903 0.488421 0.300618
v -0.029270 0.475241 0.317224
v -0.033375 0.469315 0.324902
v -0.000073 0.489541 0.287637
v -0.036908 0.469102 0.312925
v 0.029020 0.475236 0.317557
v 0.032921 0.469528 0.325292
v 0.036607 0.469165 0.313208
v 0.020147 0.454038 0.367895
v 0.027980 0.455046 0.358226
v -0.021542 0.453662 0.367149
v -0.029133 0.454659 0.357400
v 0.029915 0.446676 0.362664
v -0.030985 0.446172 0.361638
v -0.012833 0.126084 -0.207376
v -0.004725 0.119184 -0.211040
v -0.024034 0.165544 -0.191819
v -0.024053 0.178371 -0.188545
v -0.005935 0.133366 -0.197327
v -0.024773 0.179833 -0.180488
v 0.027925 0.131864 -0.214250
v 0.027357 0.146731 -0.211029
v 0.025233 0.155213 -0.197391
v 0.009101 0.217292 -0.195941
v 0.014255 0.205991 -0.196454
v -0.010847 0.224751 -0.190318
v -0.015690 0.217989 -0.188117
v 0.013559 0.226783 -0.185800
v -0.014510 0.235178 -0.180100
v -0.000651 0.477095 -0.033205
v 0.000589 0.477103 -0.033163
v -0.003805 0.444938 -0.033645
v -0.005333 0.426269 -0.037123
v 0.000003 0.483487 -0.031357
v -0.004476 0.436905 -0.032506
v 0.004185 0.445790 -0.033702
v 0.005427 0.427496 -0.037424
v 0.004922 0.438073 -0.032578
v 0.004873 0.357750 -0.088986
v 0.006630 0.367658 -0.079438
v -0.004931 0.357691 -0.089043
v -0.006709 0.367450 -0.079579
v 0.007828 0.349701 -0.093726
v -0.007714 0.349726 -0.093884
v 0.046201 0.363752 -0.016282
v 0.042515 0.357572 -0.032793
v 0.064023 0.352552 0.044473
v 0.065437 0.343568 0.057975
v 0.038066 0.371858 -0.022114
v 0.066165 0.352657 0.067269
v 0.051642 0.277460 -0.049210
v 0.049314 0.272639 -0.070776
v 0.061232 0.308711 0.041986
v 0.063562 0.316135 0.058907
v 0.048219 0.264633 -0.070359
v 0.064318 0.313035 0.070337
v 0.042875 0.296354 -0.090954
v 0.041966 0.310874 -0.083574
v 0.038644 0.300492 -0.098295
v 0.074924 0.368683 0.235521
v 0.072966 0.373080 0.244253
v 0.091671 0.333872 0.203497
v 0.100049 0.323573 0.197438
v 0.068552 0.383520 0.245300
v 0.088704 0.331907 0.194744
v 0.125187 0.304964 0.206128
v 0.117135 0.313565 0.214724
v 0.131785 0.297747 0.194501
v 0.129280 0.299723 0.193064
v 0.122411 0.306847 0.209256
v 0.130442 0.297227 0.190383
v 0.082995 0.354552 0.248712
v 0.077363 0.363371 0.253513
v 0.073095 0.367307 0.261157
v -0.046877 0.362888 -0.016076
v -0.043067 0.356957 -0.032912
v -0.064420 0.351005 0.046784
v -0.065890 0.342330 0.060618
v -0.038690 0.371102 -0.022132
v -0.066462 0.351118 0.069734
v -0.051892 0.278560 -0.046287
v -0.049707 0.273883 -0.068686
v -0.060930 0.311450 0.045883
v -0.062540 0.318858 0.063060
v -0.048601 0.266355 -0.067499
v -0.063955 0.317248 0.075098
v -0.043127 0.297174 -0.090168
v -0.042079 0.311262 -0.083014
v -0.038699 0.301552 -0.097489
v -0.074631 0.368119 0.235082
v -0.072629 0.372513 0.243850
v -0.091693 0.333483 0.203094
v -0.100294 0.323233 0.197339
v -0.068290 0.382887 0.244981
v -0.089025 0.331346 0.194768
v -0.125145 0.304980 0.205688
v -0.116685 0.313798 0.214368
v -0.132336 0.297809 0.193531
v -0.129096 0.300361 0.192437
v -0.122534 0.306720 0.208690
v -0.130783 0.297885 0.189564
v -0.082370 0.354282 0.248527
v -0.076884 0.363014 0.253409
v -0.072627 0.366760 0.260970
v -0.002224 0.482244 0.201001
v 0.002697 0.482214 0.200924
v 0.000276 0.485053 0.221369
v -0.000094 0.487217 0.002097
v 0.000745 0.487249 0.002014
v 0.000297 0.489474 -0.009991
v -0.055016 0.446127 0.257546
v -0.053620 0.448262 0.272408
v -0.057713 0.435729 0.263189
v -0.009220 0.436570 -0.009949
v -0.007400 0.432014 -0.018906
v -0.011469 0.421472 -0.015017
v -0.067604 0.375189 0.135118
v -0.068299 0.363813 0.128960
v -0.068640 0.358719 0.149511
v 0.054889 0.446284 0.257858
v 0.053472 0.448221 0.272684
v 0.057586 0.435933 0.263419
v 0.009239 0.437174 -0.009887
v 0.007701 0.432694 -0.018713
v 0.011425 0.422125 -0.014843
v 0.067546 0.377097 0.133486
v 0.068192 0.365834 0.126936
v 0.068965 0.361318 0.147565
v -0.008861 0.307740 0.133380
v 0.008404 0.307754 0.133408
v 0.000028 0.314301 0.151500
v -0.003076 0.191404 -0.120435
v 0.001008 0.190997 -0.120618
v -0.001273 0.178139 -0.140550
v -0.121668 0.298722 0.200919
v -0.114577 0.305675 0.208729
v -0.121060 0.301634 0.205514
v -0.035782 0.222704 -0.108281
v -0.033184 0.213722 -0.128555
v -0.037353 0.227367 -0.109148
v -0.098817 0.308923 0.152542
v -0.091845 0.312627 0.146636
v -0.106480 0.306312 0.162617
v 0.120786 0.300345 0.202732
v 0.114526 0.306911 0.210150
v 0.120292 0.303122 0.207089
v 0.034263 0.217660 -0.112449
v 0.031423 0.206488 -0.133648
v 0.035912 0.222040 -0.113147
v 0.097457 0.307682 0.150814
v 0.090677 0.311673 0.144987
v 0.105577 0.304882 0.161531
v 0.042555 0.396559 0.322581
v 0.043016 0.406113 0.330240
v 0.048078 0.396206 0.311198
v -0.042527 0.396014 0.321146
v -0.043071 0.405482 0.328623
v -0.048007 0.395555 0.310094
v 0.020067 0.280881 -0.143252
v 0.018979 0.297940 -0.131050
v 0.023279 0.290863 -0.131264
v -0.019914 0.284280 -0.141211
v -0.018710 0.299856 -0.129952
v -0.023049 0.293438 -0.129818
f 1 647 644
f 1 644 643
f 1 643 645
f 1 645 646
f 1 646 647
f 2 649 652
f 6 672 670
f 12 702 699
f 11 696 695
f 8 679 681
f 4 662 659
f 4 659 658
f 4 658 660
f 4 660 661
f 4 661 662
f 5 666 665
f 3 654 657
f 7 673 677
f 9 685 686
f 10 692 688
f 12 701 698
f 6 669 668
f 2 650 648
f 8 682 678
f 11 697 693
f 6 671 669
f 12 700 701
f 11 694 697
f 8 680 682
f 2 651 650
f 10 690 689
f 5 663 664
f 3 655 653
f 7 676 674
f 9 687 684
f 10 691 690
f 5 667 663
f 3 656 655
f 7 675 676
f 9 683 687
f 6 668 672
f 2 648 649
f 8 678 679
f 11 693 696
f 12 698 702
f 10 688 691
f 5 665 667
f 3 657 656
f 7 677 675
f 9 686 683
f 5 664 666
f 3 653 654
f 7 674 673
f 9 684 685
f 10 689 692
f 6 670 671
f 12 699 700
f 11 695 694
f 8 681 680
f 2 652 651
f 35 837 838
f 18 735 736
f 19 742 741
f 40 868 867
f 42 880 879
f 34 832 831
f 33 827 828
f 25 778 780
f 36 844 846
f 20 749 747
f 32 819 820
f 23 765 767
f 24 773 771
f 37 850 849
f 41 876 875
f 34 833 834
f 33 826 825
f 25 779 777
f 36 845 843
f 20 748 750
f 17 729 727
f 14 711 709
f 13 706 703
f 15 718 715
f 16 724 721
f 18 737 733
f 35 839 835
f 42 882 878
f 40 870 866
f 19 744 740
f 30 807 805
f 27 789 787
f 22 762 758
f 28 797 793
f 29 802 799
f 32 821 817
f 23 766 763
f 24 774 770
f 37 852 848
f 41 874 872
f 35 838 836
f 18 736 734
f 19 741 739
f 40 867 865
f 42 879 877
f 34 831 829
f 33 828 824
f 25 780 776
f 36 846 842
f 20 747 745
f 32 820 818
f 23 767 764
f 24 771 769
f 37 849 847
f 41 875 871
f 34 834 830
f 33 825 823
f 25 777 775
f 36 843 841
f 20 750 746
f 14 714 710
f 13 707 704
f 15 719 716
f 16 725 722
f 17 732 728
f 21 755 752
f 31 814 811
f 26 784 781
f 38 857 853
f 39 862 860
f 27 792 788
f 22 759 757
f 28 796 794
f 29 803 800
f 30 810 806
f 31 815 812
f 26 785 782
f 38 856 854
f 39 863 859
f 21 754 751
f 14 712 714
f 13 705 707
f 15 717 719
f 16 723 725
f 17 730 732
f 21 753 755
f 31 816 814
f 26 786 784
f 38 858 857
f 39 861 862
f 27 791 792
f 22 761 759
f 28 795 796
f 29 801 803
f 30 808 810
f 31 813 815
f 26 783 785
f 38 855 856
f 39 864 863
f 21 756 754
f 14 709 712
f 13 703 705
f 15 715 717
f 16 721 723
f 17 727 730
f 21 751 753
f 31 812 816
f 26 782 786
f 38 854 858
f 39 859 861
f 27 787 791
f 22 758 761
f 28 793 795
f 29 799 801
f 30 805 808
f 31 811 813
f 26 781 783
f 38 853 855
f 39 860 864
f 21 752 756
f 17 728 731
f 14 710 713
f 13 704 708
f 15 716 720
f 16 722 726
f 18 734 738
f 35 836 840
f 42 877 881
f 40 865 869
f 19 739 743
f 30 806 809
f 27 788 790
f 22 757 760
f 28 794 798
f 29 800 804
f 32 818 822
f 23 764 768
f 24 769 772
f 37 847 851
f 41 871 873
f 35 835 837
f 18 733 735
f 19 740 742
f 40 866 868
f 42 878 880
f 34 830 832
f 33 823 827
f 25 775 778
f 36 841 844
f 20 746 749
f 32 817 819
f 23 763 765
f 24 770 773
f 37 848 850
f 41 872 876
f 34 829 833
f 33 824 826
f 25 776 779
f 36 842 845
f 20 745 748
f 17 731 729
f 14 713 711
f 13 708 706
f 15 720 718
f 16 726 724
f 18 738 737
f 35 840 839
f 42 881 882
f 40 869 870
f 19 743 744
f 30 809 807
f 27 790 789
f 22 760 762
f 28 798 797
f 29 804 802
f 32 822 821
f 23 768 766
f 24 772 774
f 37 851 852
f 41 873 874
f 107 1269 1270
f 103 1245 1246
f 104 1252 1251
f 110 1288 1287
f 113 1306 1305
f 118 1336 1335
f 154 1551 1552
f 141 1473 1474
f 162 1599 1600
f 121 1354 1353
f 142 1479 1480
f 129 1401 1402
f 130 1408 1407
f 144 1492 1491
f 146 1504 1503
f 151 1533 1534
f 131 1414 1413
f 136 1444 1443
f 161 1594 1593
f 126 1383 1384
f 116 1323 1324
f 108 1275 1276
f 106 1263 1264
f 112 1299 1300
f 115 1317 1318
f 119 1341 1342
f 156 1564 1563
f 139 1462 1461
f 160 1588 1587
f 120 1347 1348
f 149 1521 1522
f 132 1420 1419
f 128 1395 1396
f 145 1497 1498
f 148 1515 1516
f 155 1557 1558
f 133 1425 1426
f 134 1431 1432
f 157 1570 1569
f 124 1372 1371
f 109 1282 1281
f 105 1258 1257
f 111 1294 1293
f 114 1312 1311
f 117 1330 1329
f 125 1378 1377
f 152 1540 1539
f 137 1449 1450
f 158 1575 1576
f 123 1365 1366
f 143 1486 1485
f 127 1390 1389
f 135 1437 1438
f 147 1510 1509
f 150 1528 1527
f 153 1546 1545
f 140 1468 1467
f 138 1455 1456
f 159 1581 1582
f 122 1359 1360
f 107 1272 1271
f 103 1248 1247
f 104 1253 1254
f 110 1289 1290
f 113 1307 1308
f 118 1337 1338
f 154 1554 1553
f 141 1476 1475
f 162 1602 1601
f 121 1355 1356
f 142 1482 1481
f 129 1404 1403
f 130 1409 1410
f 144 1493 1494
f 146 1505 1506
f 151 1536 1535
f 131 1415 1416
f 136 1445 1446
f 161 1595 1596
f 126 1386 1385
f 47 909 907
f 44 891 889
f 43 886 883
f 45 898 895
f 46 904 901
f 49 922 919
f 72 1060 1057
f 102 1240 1237
f 96 1204 1201
f 79 1102 1099
f 62 999 997
f 59 981 979
f 58 976 973
f 60 988 985
f 61 994 991
f 66 1024 1021
f 54 952 949
f 73 1066 1063
f 85 1138 1135
f 92 1179 1177
f 101 1233 1231
f 69 1041 1039
f 50 927 925
f 82 1119 1117
f 97 1209 1207
f 71 1053 1051
f 100 1228 1225
f 94 1192 1189
f 80 1108 1105
f 51 933 931
f 90 1167 1165
f 63 1005 1003
f 55 957 955
f 76 1083 1081
f 87 1150 1147
f 91 1174 1171
f 67 1029 1027
f 56 963 961
f 75 1077 1075
f 83 1126 1123
f 68 1036 1033
f 48 915 913
f 78 1095 1093
f 93 1185 1183
f 98 1216 1213
f 88 1155 1153
f 65 1018 1015
f 57 970 967
f 77 1090 1087
f 86 1143 1141
f 64 1012 1009
f 53 945 943
f 74 1071 1069
f 84 1131 1129
f 89 1162 1159
f 70 1047 1045
f 99 1221 1219
f 95 1197 1195
f 81 1114 1111
f 52 940 937
f 109 1284 1280
f 105 1260 1256
f 111 1296 1292
f 114 1314 1310
f 117 1332 1328
f 125 1380 1376
f 152 1542 1538
f 137 1451 1447
f 158 1577 1573
f 123 1367 1363
f 143 1488 1484
f 127 1392 1388
f 135 1439 1435
f 147 1512 1508
f 150 1530 1526
f 153 1548 1544
f 140 1470 1466
f 138 1457 1453
f 159 1583 1579
f 122 1361 1357
f 107 1270 1268
f 103 1246 1244
f 104 1251 1249
f 110 1287 1285
f 113 1305 1303
f 118 1335 1333
f 154 1552 1550
f 141 1474 1472
f 162 1600 1598
f 121 1353 1351
f 142 1480 1478
f 129 1402 1400
f 130 1407 1405
f 144 1491 1489
f 146 1503 1501
f 151 1534 1532
f 131 1413 1411
f 136 1443 1441
f 161 1593 1591
f 126 1384 1382
f 116 1324 1322
f 108 1276 1274
f 106 1264 1262
f 112 1300 1298
f 115 1318 1316
f 119 1342 1340
f 156 1563 1561
f 139 1461 1459
f 160 1587 1585
f 120 1348 1346
f 149 1522 1520
f 132 1419 1417
f 128 1396 1394
f 145 1498 1496
f 148 1516 1514
f 155 1558 1556
f 133 1426 1424
f 134 1432 1430
f 157 1569 1567
f 124 1371 1369
f 109 1281 1279
f 105 1257 1255
f 111 1293 1291
f 114 1311 1309
f 117 1329 1327
f 125 1377 1375
f 152 1539 1537
f 137 1450 1448
f 158 1576 1574
f 123 1366 1364
f 143 1485 1483
f 127 1389 1387
f 135 1438 1436
f 147 1509 1507
f 150 1527 1525
f 153 1545 1543
f 140 1467 1465
f 138 1456 1454
f 159 1582 1580
f 122 1360 1358
f 107 1271 1267
f 103 1247 1243
f 104 1254 1250
f 110 1290 1286
f 113 1308 1304
f 118 1338 1334
f 154 1553 1549
f 141 1475 1471
f 162 1601 1597
f 121 1356 1352
f 142 1481 1477
f 129 1403 1399
f 130 1410 1406
f 144 1494 1490
f 146 1506 1502
f 151 1535 1531
f 131 1416 1412
f 136 1446 1442
f 161 1596 1592
f 126 1385 1381
f 44 894 890
f 43 887 884
f 45 899 896
f 46 905 902
f 47 912 908
f 52 941 938
f 70 1050 1046
f 99 1224 1220
f 95 1200 1196
f 81 1115 1112
f 59 984 980
f 58 977 974
f 60 989 986
f 61 995 992
f 62 1002 998
f 65 1019 1016
f 57 971 968
f 77 1091 1088
f 86 1146 1142
f 88 1158 1154
f 98 1217 1214
f 68 1037 1034
f 48 918 914
f 78 1098 1094
f 93 1188 1184
f 69 1044 1040
f 101 1236 1232
f 97 1212 1208
f 82 1122 1118
f 50 930 926
f 89 1163 1160
f 64 1013 1010
f 53 948 944
f 74 1074 1070
f 84 1134 1130
f 90 1170 1166
f 63 1008 1004
f 55 960 956
f 76 1086 1082
f 87 1151 1148
f 72 1061 1058
f 49 923 920
f 79 1103 1100
f 96 1205 1202
f 102 1241 1238
f 91 1175 1172
f 67 1032 1028
f 56 966 962
f 75 1080 1076
f 83 1127 1124
f 66 1025 1022
f 54 953 950
f 73 1067 1064
f 85 1139 1136
f 92 1182 1178
f 71 1056 1052
f 100 1229 1226
f 94 1193 1190
f 80 1109 1106
f 51 936 932
f 116 1325 1321
f 108 1277 1273
f 106 1265 1261
f 112 1301 1297
f 115 1319 1315
f 119 1343 1339
f 156 1566 1562
f 139 1464 1460
f 160 1590 1586
f 120 1349 1345
f 149 1523 1519
f 132 1422 1418
f 128 1397 1393
f 145 1499 1495
f 148 1517 1513
f 155 1559 1555
f 133 1427 1423
f 134 1433 1429
f 157 1572 1568
f 124 1374 1370
f 44 892 894
f 43 885 887
f 45 897 899
f 46 903 905
f 47 910 912
f 52 939 941
f 70 1048 1050
f 99 1222 1224
f 95 1198 1200
f 81 1113 1115
f 59 982 984
f 58 975 977
f 60 987 989
f 61 993 995
f 62 1000 1002
f 65 1017 1019
f 57 969 971
f 77 1089 1091
f 86 1144 1146
f 88 1156 1158
f 98 1215 1217
f 68 1035 1037
f 48 916 918
f 78 1096 1098
f 93 1186 1188
f 69 1042 1044
f 101 1234 1236
f 97 1210 1212
f 82 1120 1122
f 50 928 930
f 89 1161 1163
f 64 1011 1013
f 53 946 948
f 74 1072 1074
f 84 1132 1134
f 90 1168 1170
f 63 1006 1008
f 55 958 960
f 76 1084 1086
f 87 1149 1151
f 72 1059 1061
f 49 921 923
f 79 1101 1103
f 96 1203 1205
f 102 1239 1241
f 91 1173 1175
f 67 1030 1032
f 56 964 966
f 75 1078 1080
f 83 1125 1127
f 66 1023 1025
f 54 951 953
f 73 1065 1067
f 85 1137 1139
f 92 1180 1182
f 71 1054 1056
f 100 1227 1229
f 94 1191 1193
f 80 1107 1109
f 51 934 936
f 116 1326 1325
f 108 1278 1277
f 106 1266 1265
f 112 1302 1301
f 115 1320 1319
f 119 1344 1343
f 156 1565 1566
f 139 1463 1464
f 160 1589 1590
f 120 1350 1349
f 149 1524 1523
f 132 1421 1422
f 128 1398 1397
f 145 1500 1499
f 148 1518 1517
f 155 1560 1559
f 133 1428 1427
f 134 1434 1433
f 157 1571 1572
f 124 1373 1374
f 44 889 892
f 43 883 885
f 45 895 897
f 46 901 903
f 47 907 910
f 52 937 939
f 70 1045 1048
f 99 1219 1222
f 95 1195 1198
f 81 1111 1113
f 59 979 982
f 58 973 975
f 60 985 987
f 61 991 993
f 62 997 1000
f 65 1015 1017
f 57 967 969
f 77 1087 1089
f 86 1141 1144
f 88 1153 1156
f 98 1213 1215
f 68 1033 1035
f 48 913 916
f 78 1093 1096
f 93 1183 1186
f 69 1039 1042
f 101 1231 1234
f 97 1207 1210
f 82 1117 1120
f 50 925 928
f 89 1159 1161
f 64 1009 1011
f 53 943 946
f 74 1069 1072
f 84 1129 1132
f 90 1165 1168
f 63 1003 1006
f 55 955 958
f 76 1081 1084
f 87 1147 1149
f 72 1057 1059
f 49 919 921
f 79 1099 1101
f 96 1201 1203
f 102 1237 1239
f 91 1171 1173
f 67 1027 1030
f 56 961 964
f 75 1075 1078
f 83 1123 1125
f 66 1021 1023
f 54 949 951
f 73 1063 1065
f 85 1135 1137
f 92 1177 1180
f 71 1051 1054
f 100 1225 1227
f 94 1189 1191
f 80 1105 1107
f 51 931 934
f 116 1322 1326
f 108 1274 1278
f 106 1262 1266
f 112 1298 1302
f 115 1316 1320
f 119 1340 1344
f 156 1561 1565
f 139 1459 1463
f 160 1585 1589
f 120 1346 1350
f 149 1520 1524
f 132 1417 1421
f 128 1394 1398
f 145 1496 1500
f 148 1514 1518
f 155 1556 1560
f 133 1424 1428
f 134 1430 1434
f 157 1567 1571
f 124 1369 1373
f 47 908 911
f 44 890 893
f 43 884 888
f 45 896 900
f 46 902 906
f 49 920 924
f 72 1058 1062
f 102 1238 1242
f 96 1202 1206
f 79 1100 1104
f 62 998 1001
f 59 980 983
f 58 974 978
f 60 986 990
f 61 992 996
f 66 1022 1026
f 54 950 954
f 73 1064 1068
f 85 1136 1140
f 92 1178 1181
f 101 1232 1235
f 69 1040 1043
f 50 926 929
f 82 1118 1121
f 97 1208 1211
f 71 1052 1055
f 100 1226 1230
f 94 1190 1194
f 80 1106 1110
f 51 932 935
f 90 1166 1169
f 63 1004 1007
f 55 956 959
f 76 1082 1085
f 87 1148 1152
f 91 1172 1176
f 67 1028 1031
f 56 962 965
f 75 1076 1079
f 83 1124 1128
f 68 1034 1038
f 48 914 917
f 78 1094 1097
f 93 1184 1187
f 98 1214 1218
f 88 1154 1157
f 65 1016 1020
f 57 968 972
f 77 1088 1092
f 86 1142 1145
f 64 1010 1014
f 53 944 947
f 74 1070 1073
f 84 1130 1133
f 89 1160 1164
f 70 1046 1049
f 99 1220 1223
f 95 1196 1199
f 81 1112 1116
f 52 938 942
f 109 1279 1283
f 105 1255 1259
f 111 1291 1295
f 114 1309 1313
f 117 1327 1331
f 125 1375 1379
f 152 1537 1541
f 137 1448 1452
f 158 1574 1578
f 123 1364 1368
f 143 1483 1487
f 127 1387 1391
f 135 1436 1440
f 147 1507 1511
f 150 1525 1529
f 153 1543 1547
f 140 1465 1469
f 138 1454 1458
f 159 1580 1584
f 122 1358 1362
f 107 1267 1269
f 103 1243 1245
f 104 1250 1252
f 110 1286 1288
f 113 1304 1306
f 118 1334 1336
f 154 1549 1551
f 141 1471 1473
f 162 1597 1599
f 121 1352 1354
f 142 1477 1479
f 129 1399 1401
f 130 1406 1408
f 144 1490 1492
f 146 1502 1504
f 151 1531 1533
f 131 1412 1414
f 136 1442 1444
f 161 1592 1594
f 126 1381 1383
f 116 1321 1323
f 108 1273 1275
f 106 1261 1263
f 112 1297 1299
f 115 1315 1317
f 119 1339 1341
f 156 1562 1564
f 139 1460 1462
f 160 1586 1588
f 120 1345 1347
f 149 1519 1521
f 132 1418 1420
f 128 1393 1395
f 145 1495 1497
f 148 1513 1515
f 155 1555 1557
f 133 1423 1425
f 134 1429 1431
f 157 1568 1570
f 124 1370 1372
f 109 1280 1282
f 105 1256 1258
f 111 1292 1294
f 114 1310 1312
f 117 1328 1330
f 125 1376 1378
f 152 1538 1540
f 137 1447 1449
f 158 1573 1575
f 123 1363 1365
f 143 1484 1486
f 127 1388 1390
f 135 1435 1437
f 147 1508 1510
f 150 1526 1528
f 153 1544 1546
f 140 1466 1468
f 138 1453 1455
f 159 1579 1581
f 122 1357 1359
f 107 1268 1272
f 103 1244 1248
f 104 1249 1253
f 110 1285 1289
f 113 1303 1307
f 118 1333 1337
f 154 1550 1554
f 141 1472 1476
f 162 1598 1602
f 121 1351 1355
f 142 1478 1482
f 129 1400 1404
f 130 1405 1409
f 144 1489 1493
f 146 1501 1505
f 151 1532 1536
f 131 1411 1415
f 136 1441 1445
f 161 1591 1595
f 126 1382 1386
f 47 911 909
f 44 893 891
f 43 888 886
f 45 900 898
f 46 906 904
f 49 924 922
f 72 1062 1060
f 102 1242 1240
f 96 1206 1204
f 79 1104 1102
f 62 1001 999
f 59 983 981
f 58 978 976
f 60 990 988
f 61 996 994
f 66 1026 1024
f 54 954 952
f 73 1068 1066
f 85 1140 1138
f 92 1181 1179
f 101 1235 1233
f 69 1043 1041
f 50 929 927
f 82 1121 1119
f 97 1211 1209
f 71 1055 1053
f 100 1230 1228
f 94 1194 1192
f 80 1110 1108
f 51 935 933
f 90 1169 1167
f 63 1007 1005
f 55 959 957
f 76 1085 1083
f 87 1152 1150
f 91 1176 1174
f 67 1031 1029
f 56 965 963
f 75 1079 1077
f 83 1128 1126
f 68 1038 1036
f 48 917 915
f 78 1097 1095
f 93 1187 1185
f 98 1218 1216
f 88 1157 1155
f 65 1020 1018
f 57 972 970
f 77 1092 1090
f 86 1145 1143
f 64 1014 1012
f 53 947 945
f 74 1073 1071
f 84 1133 1131
f 89 1164 1162
f 70 1049 1047
f 99 1223 1221
f 95 1199 1197
f 81 1116 1114
f 52 942 940
f 109 1283 1284
f 105 1259 1260
f 111 1295 1296
f 114 1313 1314
f 117 1331 1332
f 125 1379 1380
f 152 1541 1542
f 137 1452 1451
f 158 1578 1577
f 123 1368 1367
f 143 1487 1488
f 127 1391 1392
f 135 1440 1439
f 147 1511 1512
f 150 1529 1530
f 153 1547 1548
f 140 1469 1470
f 138 1458 1457
f 159 1584 1583
f 122 1362 1361
f 407 1609 1616
f 403 1605 1608
f 404 1611 1606
f 410 1614 1612
f 413 1617 1615
f 422 1631 1624
f 486 1688 1692
f 573 1775 1782
f 561 1763 1765
f 512 1719 1714
f 452 1654 1661
f 448 1650 1653
f 449 1656 1651
f 455 1659 1657
f 458 1662 1660
f 470 1672 1675
f 437 1646 1639
f 494 1706 1696
f 531 1735 1733
f 539 1741 1751
f 568 1770 1779
f 478 1680 1683
f 419 1621 1626
f 509 1711 1721
f 554 1756 1766
f 482 1684 1689
f 576 1780 1778
f 558 1767 1760
f 516 1722 1718
f 425 1627 1629
f 542 1744 1747
f 463 1668 1665
f 434 1636 1641
f 497 1699 1704
f 528 1730 1737
f 546 1748 1750
f 464 1666 1676
f 440 1642 1644
f 500 1705 1702
f 524 1736 1726
f 479 1691 1681
f 418 1623 1620
f 508 1713 1710
f 553 1764 1755
f 569 1781 1771
f 538 1749 1740
f 471 1677 1673
f 443 1645 1647
f 501 1703 1707
f 523 1725 1734
f 467 1674 1669
f 433 1638 1635
f 493 1695 1698
f 527 1732 1729
f 543 1752 1745
f 485 1690 1687
f 572 1777 1774
f 557 1759 1762
f 515 1717 1720
f 428 1630 1632
f 591 2191 2189
f 587 1885 1883
f 588 1901 1903
f 594 2279 2281
f 597 2315 2317
f 600 2171 2173
f 634 2160 2158
f 619 2016 2012
f 639 2214 2210
f 602 1919 1924
f 624 2137 2135
f 608 1978 1973
f 610 1991 1996
f 627 2225 2227
f 630 2302 2304
f 635 2178 2176
f 615 2153 2155
f 617 2009 2014
f 637 2207 2212
f 604 1926 1922
f 416 1857 1864
f 408 1803 1810
f 406 1786 1795
f 412 1822 1831
f 415 1840 1849
f 424 1876 1887
f 492 2182 2193
f 582 2312 2321
f 565 2276 2285
f 514 1898 1907
f 461 2091 2098
f 453 2037 2044
f 451 1952 1961
f 457 2056 2067
f 460 2074 2083
f 475 2128 2139
f 439 1966 1975
f 496 1988 1997
f 533 2222 2231
f 551 2293 2298
f 579 2185 2190
f 483 1879 1884
f 426 1893 1900
f 521 2271 2278
f 566 2307 2314
f 489 2163 2170
f 578 2150 2159
f 560 2006 2015
f 518 2204 2213
f 429 1911 1918
f 547 2131 2136
f 465 1969 1977
f 441 1983 1990
f 504 2217 2224
f 537 2290 2301
f 550 2168 2177
f 476 2145 2152
f 444 2001 2008
f 502 2199 2206
f 526 1916 1925
f 481 1808 1817
f 420 1789 1797
f 510 1825 1833
f 555 1843 1851
f 571 1862 1871
f 540 1933 1941
f 473 2110 2119
f 447 2020 2029
f 507 2236 2247
f 534 2257 2262
f 469 2042 2051
f 435 1947 1954
f 498 2059 2064
f 529 2077 2085
f 545 2096 2105
f 487 2113 2121
f 574 2023 2031
f 562 2239 2244
f 520 2254 2265
f 432 1930 1939
f 589 1818 1814
f 583 1798 1793
f 586 1834 1829
f 593 1852 1847
f 596 1872 1868
f 599 1942 1937
f 633 2120 2124
f 620 2030 2034
f 640 2248 2250
f 603 2263 2261
f 622 2052 2050
f 607 1955 1960
f 612 2065 2063
f 626 2086 2081
f 629 2106 2102
f 631 2122 2117
f 614 2032 2027
f 618 2245 2243
f 641 2266 2268
f 605 1940 1944
f 409 1813 1804
f 405 1792 1785
f 411 1828 1821
f 414 1846 1839
f 417 1867 1858
f 431 1936 1929
f 488 2123 2114
f 575 2033 2024
f 563 2249 2240
f 519 2260 2253
f 454 2049 2038
f 450 1959 1951
f 456 2062 2055
f 459 2080 2073
f 462 2101 2092
f 472 2116 2109
f 446 2026 2019
f 506 2242 2235
f 535 2267 2258
f 541 1943 1934
f 570 1869 1861
f 480 1815 1807
f 421 1799 1790
f 511 1835 1826
f 556 1853 1844
f 484 1889 1880
f 580 2195 2186
f 567 2319 2308
f 522 2283 2272
f 427 1905 1894
f 544 2103 2095
f 468 2046 2041
f 436 1957 1948
f 499 2069 2060
f 530 2087 2078
f 548 2141 2132
f 466 1979 1970
f 442 1993 1984
f 505 2229 2218
f 536 2296 2289
f 491 2188 2181
f 423 1882 1875
f 513 1902 1897
f 564 2280 2275
f 581 2316 2311
f 549 2172 2167
f 477 2157 2146
f 445 2011 2002
f 503 2209 2200
f 525 1923 1915
f 474 2134 2127
f 438 1972 1965
f 495 1995 1987
f 532 2226 2221
f 552 2303 2294
f 490 2175 2164
f 577 2154 2149
f 559 2013 2005
f 517 2211 2203
f 430 1921 1912
f 590 1865 1870
f 584 1811 1816
f 585 1796 1800
f 592 1832 1836
f 595 1850 1854
f 598 1888 1890
f 636 2194 2196
f 621 2322 2320
f 642 2286 2284
f 601 1908 1906
f 623 2099 2104
f 611 2045 2047
f 609 1962 1958
f 625 2068 2070
f 628 2084 2088
f 632 2140 2142
f 613 1976 1980
f 616 1998 1994
f 638 2232 2230
f 606 2299 2297
f 407 2330 2329
f 403 2324 2323
f 404 2325 2326
f 410 2332 2333
f 413 2335 2336
f 422 2344 2345
f 486 2410 2409
f 573 2497 2496
f 561 2486 2485
f 512 2434 2435
f 452 2375 2374
f 448 2369 2368
f 449 2370 2371
f 455 2377 2378
f 458 2380 2381
f 470 2393 2392
f 437 2359 2360
f 494 2415 2416
f 531 2455 2456
f 539 2461 2460
f 568 2489 2488
f 478 2399 2398
f 419 2341 2340
f 509 2431 2430
f 554 2476 2475
f 482 2405 2404
f 576 2500 2501
f 558 2481 2482
f 516 2439 2440
f 425 2348 2347
f 542 2465 2464
f 463 2383 2384
f 434 2356 2355
f 497 2420 2419
f 528 2452 2451
f 546 2471 2470
f 464 2386 2385
f 440 2363 2362
f 500 2422 2423
f 524 2445 2446
f 479 2400 2401
f 418 2338 2339
f 508 2428 2429
f 553 2473 2474
f 569 2490 2491
f 538 2458 2459
f 471 2394 2395
f 443 2366 2365
f 501 2425 2424
f 523 2444 2443
f 467 2389 2390
f 433 2353 2354
f 493 2414 2413
f 527 2449 2450
f 543 2466 2467
f 485 2407 2408
f 572 2494 2495
f 557 2480 2479
f 515 2438 2437
f 428 2351 2350
f 591 2510 2511
f 587 2504 2505
f 588 2508 2507
f 594 2514 2513
f 597 2517 2516
f 600 2520 2519
f 634 2554 2556
f 619 2539 2540
f 639 2560 2561
f 602 2523 2521
f 624 2543 2544
f 608 2527 2529
f 610 2532 2530
f 627 2547 2546
f 630 2550 2549
f 635 2552 2553
f 615 2535 2534
f 617 2538 2536
f 637 2558 2557
f 604 2524 2525
f 167 1607 647
f 164 1603 644
f 163 1604 643
f 165 1610 645
f 166 1613 646
f 169 1622 649
f 192 1686 672
f 222 1773 702
f 216 1761 696
f 199 1712 679
f 182 1652 662
f 179 1648 659
f 178 1649 658
f 180 1655 660
f 181 1658 661
f 186 1670 666
f 174 1637 654
f 193 1694 673
f 205 1731 685
f 212 1739 692
f 221 1768 701
f 189 1678 669
f 170 1619 650
f 202 1709 682
f 217 1754 697
f 191 1682 671
f 220 1776 700
f 214 1758 694
f 200 1716 680
f 171 1625 651
f 210 1742 690
f 183 1663 663
f 175 1634 655
f 196 1697 676
f 207 1728 687
f 211 1746 691
f 187 1664 667
f 176 1640 656
f 195 1700 675
f 203 1724 683
f 188 1679 668
f 168 1618 648
f 198 1708 678
f 213 1753 693
f 218 1769 698
f 208 1738 688
f 185 1671 665
f 177 1643 657
f 197 1701 677
f 206 1723 686
f 184 1667 664
f 173 1633 653
f 194 1693 674
f 204 1727 684
f 209 1743 689
f 190 1685 670
f 219 1772 699
f 215 1757 695
f 201 1715 681
f 172 1628 652
f 357 2187 837
f 255 1881 735
f 262 1899 742
f 388 2277 868
f 400 2313 880
f 352 2169 832
f 347 2156 827
f 298 2010 778
f 364 2208 844
f 269 1917 749
f 339 2133 819
f 285 1971 765
f 293 1989 773
f 370 2223 850
f 396 2300 876
f 353 2174 833
f 346 2151 826
f 299 2007 779
f 365 2205 845
f 268 1920 748
f 249 1855 729
f 231 1801 711
f 226 1784 706
f 238 1820 718
f 244 1838 724
f 257 1874 737
f 359 2180 839
f 402 2310 882
f 390 2274 870
f 264 1896 744
f 327 2089 807
f 309 2035 789
f 282 1950 762
f 317 2054 797
f 322 2072 802
f 341 2126 821
f 286 1964 766
f 294 1986 774
f 372 2220 852
f 394 2291 874
f 358 2183 838
f 256 1877 736
f 261 1891 741
f 387 2269 867
f 399 2305 879
f 351 2161 831
f 348 2148 828
f 300 2004 780
f 366 2202 846
f 267 1909 747
f 340 2129 820
f 287 1967 767
f 291 1981 771
f 369 2215 849
f 395 2288 875
f 354 2166 834
f 345 2143 825
f 297 1999 777
f 363 2197 843
f 270 1914 750
f 234 1806 714
f 227 1787 707
f 239 1823 719
f 245 1841 725
f 252 1860 732
f 275 1931 755
f 334 2108 814
f 304 2018 784
f 377 2234 857
f 382 2255 862
f 312 2040 792
f 279 1945 759
f 316 2057 796
f 323 2075 803
f 330 2094 810
f 335 2111 815
f 305 2021 785
f 376 2237 856
f 383 2252 863
f 274 1928 754
f 232 1812 712
f 225 1791 705
f 237 1827 717
f 243 1845 723
f 250 1866 730
f 273 1935 753
f 336 2118 816
f 306 2028 786
f 378 2246 858
f 381 2259 861
f 311 2048 791
f 281 1953 761
f 315 2061 795
f 321 2079 801
f 328 2100 808
f 333 2115 813
f 303 2025 783
f 375 2241 855
f 384 2264 864
f 276 1938 756
f 229 1802 709
f 223 1783 703
f 235 1819 715
f 241 1837 721
f 247 1856 727
f 271 1927 751
f 332 2112 812
f 302 2022 782
f 374 2238 854
f 379 2251 859
f 307 2036 787
f 278 1949 758
f 313 2053 793
f 319 2071 799
f 325 2090 805
f 331 2107 811
f 301 2017 781
f 373 2233 853
f 380 2256 860
f 272 1932 752
f 248 1859 728
f 230 1805 710
f 224 1788 704
f 236 1824 716
f 242 1842 722
f 254 1878 734
f 356 2184 836
f 397 2306 877
f 385 2270 865
f 259 1892 739
f 326 2093 806
f 308 2039 788
f 277 1946 757
f 314 2058 794
f 320 2076 800
f 338 2130 818
f 284 1968 764
f 289 1982 769
f 367 2216 847
f 391 2287 871
f 355 2179 835
f 253 1873 733
f 260 1895 740
f 386 2273 866
f 398 2309 878
f 350 2165 830
f 343 2144 823
f 295 2000 775
f 361 2198 841
f 266 1913 746
f 337 2125 817
f 283 1963 763
f 290 1985 770
f 368 2219 848
f 392 2292 872
f 349 2162 829
f 344 2147 824
f 296 2003 776
f 362 2201 842
f 265 1910 745
f 251 1863 731
f 233 1809 713
f 228 1794 708
f 240 1830 720
f 246 1848 726
f 258 1886 738
f 360 2192 840
f 401 2318 881
f 389 2282 869
f 263 1904 743
f 329 2097 809
f 310 2043 790
f 280 1956 760
f 318 2066 798
f 324 2082 804
f 342 2138 822
f 288 1974 768
f 292 1992 772
f 371 2228 851
f 393 2295 873
f 409 2331 1269
f 405 2327 1245
f 411 2328 1252
f 414 2334 1288
f 417 2337 1306
f 431 2346 1336
f 488 2412 1551
f 575 2499 1473
f 563 2487 1599
f 519 2436 1354
f 454 2376 1479
f 450 2372 1401
f 456 2373 1408
f 459 2379 1492
f 462 2382 1504
f 472 2396 1533
f 446 2361 1414
f 506 2418 1444
f 535 2457 1594
f 541 2463 1383
f 570 2492 1323
f 480 2402 1275
f 421 2343 1263
f 511 2433 1299
f 556 2478 1317
f 484 2406 1341
f 580 2502 1564
f 567 2484 1462
f 522 2442 1588
f 427 2349 1347
f 544 2468 1521
f 468 2387 1420
f 436 2358 1395
f 499 2421 1497
f 530 2454 1515
f 548 2472 1557
f 466 2388 1425
f 442 2364 1431
f 505 2426 1570
f 536 2448 1372
f 491 2403 1282
f 423 2342 1258
f 513 2432 1294
f 564 2477 1312
f 581 2493 1330
f 549 2462 1378
f 477 2397 1540
f 445 2367 1449
f 503 2427 1575
f 525 2447 1365
f 474 2391 1486
f 438 2357 1390
f 495 2417 1437
f 532 2453 1510
f 552 2469 1528
f 490 2411 1546
f 577 2498 1468
f 559 2483 1455
f 517 2441 1581
f 430 2352 1359
f 590 2509 1272
f 584 2503 1248
f 585 2506 1253
f 592 2512 1289
f 595 2515 1307
f 598 2518 1337
f 636 2555 1554
f 621 2541 1476
f 642 2562 1602
f 601 2522 1355
f 623 2542 1482
f 611 2528 1404
f 609 2531 1409
f 625 2545 1493
f 628 2548 1505
f 632 2551 1536
f 613 2533 1415
f 616 2537 1445
f 638 2559 1595
f 606 2526 1386
f 407 1616 909
f 403 1608 891
f 404 1606 886
f 410 1612 898
f 413 1615 904
f 422 1624 922
f 486 1692 1060
f 573 1782 1240
f 561 1765 1204
f 512 1714 1102
f 452 1661 999
f 448 1653 981
f 449 1651 976
f 455 1657 988
f 458 1660 994
f 470 1675 1024
f 437 1639 952
f 494 1696 1066
f 531 1733 1138
f 539 1751 1179
f 568 1779 1233
f 478 1683 1041
f 419 1626 927
f 509 1721 1119
f 554 1766 1209
f 482 1689 1053
f 576 1778 1228
f 558 1760 1192
f 516 1718 1108
f 425 1629 933
f 542 1747 1167
f 463 1665 1005
f 434 1641 957
f 497 1704 1083
f 528 1737 1150
f 546 1750 1174
f 464 1676 1029
f 440 1644 963
f 500 1702 1077
f 524 1726 1126
f 479 1681 1036
f 418 1620 915
f 508 1710 1095
f 553 1755 1185
f 569 1771 1216
f 538 1740 1155
f 471 1673 1018
f 443 1647 970
f 501 1707 1090
f 523 1734 1143
f 467 1669 1012
f 433 1635 945
f 493 1698 1071
f 527 1729 1131
f 543 1745 1162
f 485 1687 1047
f 572 1774 1221
f 557 1762 1197
f 515 1720 1114
f 428 1632 940
f 591 2189 1284
f 587 1883 1260
f 588 1903 1296
f 594 2281 1314
f 597 2317 1332
f 600 2173 1380
f 634 2158 1542
f 619 2012 1451
f 639 2210 1577
f 602 1924 1367
f 624 2135 1488
f 608 1973 1392
f 610 1996 1439
f 627 2227 1512
f 630 2304 1530
f 635 2176 1548
f 615 2155 1470
f 617 2014 1457
f 637 2212 1583
f 604 1922 1361
f 416 1864 1270
f 408 1810 1246
f 406 1795 1251
f 412 1831 1287
f 415 1849 1305
f 424 1887 1335
f 492 2193 1552
f 582 2321 1474
f 565 2285 1600
f 514 1907 1353
f 461 2098 1480
f 453 2044 1402
f 451 1961 1407
f 457 2067 1491
f 460 2083 1503
f 475 2139 1534
f 439 1975 1413
f 496 1997 1443
f 533 2231 1593
f 551 2298 1384
f 579 2190 1324
f 483 1884 1276
f 426 1900 1264
f 521 2278 1300
f 566 2314 1318
f 489 2170 1342
f 578 2159 1563
f 560 2015 1461
f 518 2213 1587
f 429 1918 1348
f 547 2136 1522
f 465 1977 1419
f 441 1990 1396
f 504 2224 1498
f 537 2301 1516
f 550 2177 1558
f 476 2152 1426
f 444 2008 1432
f 502 2206 1569
f 526 1925 1371
f 481 1817 1281
f 420 1797 1257
f 510 1833 1293
f 555 1851 1311
f 571 1871 1329
f 540 1941 1377
f 473 2119 1539
f 447 2029 1450
f 507 2247 1576
f 534 2262 1366
f 469 2051 1485
f 435 1954 1389
f 498 2064 1438
f 529 2085 1509
f 545 2105 1527
f 487 2121 1545
f 574 2031 1467
f 562 2244 1456
f 520 2265 1582
f 432 1939 1360
f 589 1814 1271
f 583 1793 1247
f 586 1829 1254
f 593 1847 1290
f 596 1868 1308
f 599 1937 1338
f 633 2124 1553
f 620 2034 1475
f 640 2250 1601
f 603 2261 1356
f 622 2050 1481
f 607 1960 1403
f 612 2063 1410
f 626 2081 1494
f 629 2102 1506
f 631 2117 1535
f 614 2027 1416
f 618 2243 1446
f 641 2268 1596
f 605 1944 1385
f 409 1804 894
f 405 1785 887
f 411 1821 899
f 414 1839 905
f 417 1858 912
f 431 1929 941
f 488 2114 1050
f 575 2024 1224
f 563 2240 1200
f 519 2253 1115
f 454 2038 984
f 450 1951 977
f 456 2055 989
f 459 2073 995
f 462 2092 1002
f 472 2109 1019
f 446 2019 971
f 506 2235 1091
f 535 2258 1146
f 541 1934 1158
f 570 1861 1217
f 480 1807 1037
f 421 1790 918
f 511 1826 1098
f 556 1844 1188
f 484 1880 1044
f 580 2186 1236
f 567 2308 1212
f 522 2272 1122
f 427 1894 930
f 544 2095 1163
f 468 2041 1013
f 436 1948 948
f 499 2060 1074
f 530 2078 1134
f 548 2132 1170
f 466 1970 1008
f 442 1984 960
f 505 2218 1086
f 536 2289 1151
f 491 2181 1061
f 423 1875 923
f 513 1897 1103
f 564 2275 1205
f 581 2311 1241
f 549 2167 1175
f 477 2146 1032
f 445 2002 966
f 503 2200 1080
f 525 1915 1127
f 474 2127 1025
f 438 1965 953
f 495 1987 1067
f 532 2221 1139
f 552 2294 1182
f 490 2164 1056
f 577 2149 1229
f 559 2005 1193
f 517 2203 1109
f 430 1912 936
f 590 1870 1325
f 584 1816 1277
f 585 1800 1265
f 592 1836 1301
f 595 1854 1319
f 598 1890 1343
f 636 2196 1566
f 621 2320 1464
f 642 2284 1590
f 601 1906 1349
f 623 2104 1523
f 611 2047 1422
f 609 1958 1397
f 625 2070 1499
f 628 2088 1517
f 632 2142 1559
f 613 1980 1427
f 616 1994 1433
f 638 2230 1572
f 606 2297 1374
f 407 2329 892
f 403 2323 885
f 404 2326 897
f 410 2333 903
f 413 2336 910
f 422 2345 939
f 486 2409 1048
f 573 2496 1222
f 561 2485 1198
f 512 2435 1113
f 452 2374 982
f 448 2368 975
f 449 2371 987
f 455 2378 993
f 458 2381 1000
f 470 2392 1017
f 437 2360 969
f 494 2416 1089
f 531 2456 1144
f 539 2460 1156
f 568 2488 1215
f 478 2398 1035
f 419 2340 916
f 509 2430 1096
f 554 2475 1186
f 482 2404 1042
f 576 2501 1234
f 558 2482 1210
f 516 2440 1120
f 425 2347 928
f 542 2464 1161
f 463 2384 1011
f 434 2355 946
f 497 2419 1072
f 528 2451 1132
f 546 2470 1168
f 464 2385 1006
f 440 2362 958
f 500 2423 1084
f 524 2446 1149
f 479 2401 1059
f 418 2339 921
f 508 2429 1101
f 553 2474 1203
f 569 2491 1239
f 538 2459 1173
f 471 2395 1030
f 443 2365 964
f 501 2424 1078
f 523 2443 1125
f 467 2390 1023
f 433 2354 951
f 493 2413 1065
f 527 2450 1137
f 543 2467 1180
f 485 2408 1054
f 572 2495 1227
f 557 2479 1191
f 515 2437 1107
f 428 2350 934
f 591 2511 1326
f 587 2505 1278
f 588 2507 1266
f 594 2513 1302
f 597 2516 1320
f 600 2519 1344
f 634 2556 1565
f 619 2540 1463
f 639 2561 1589
f 602 2521 1350
f 624 2544 1524
f 608 2529 1421
f 610 2530 1398
f 627 2546 1500
f 630 2549 1518
f 635 2553 1560
f 615 2534 1428
f 617 2536 1434
f 637 2557 1571
f 604 2525 1373
f 164 1609 889
f 163 1605 883
f 165 1611 895
f 166 1614 901
f 167 1617 907
f 172 1631 937
f 190 1688 1045
f 219 1775 1219
f 215 1763 1195
f 201 1719 1111
f 179 1654 979
f 178 1650 973
f 180 1656 985
f 181 1659 991
f 182 1662 997
f 185 1672 1015
f 177 1646 967
f 197 1706 1087
f 206 1735 1141
f 208 1741 1153
f 218 1770 1213
f 188 1680 1033
f 168 1621 913
f 198 1711 1093
f 213 1756 1183
f 189 1684 1039
f 221 1780 1231
f 217 1767 1207
f 202 1722 1117
f 170 1627 925
f 209 1744 1159
f 184 1668 1009
f 173 1636 943
f 194 1699 1069
f 204 1730 1129
f 210 1748 1165
f 183 1666 1003
f 175 1642 955
f 196 1705 1081
f 207 1736 1147
f 192 1691 1057
f 169 1623 919
f 199 1713 1099
f 216 1764 1201
f 222 1781 1237
f 211 1749 1171
f 187 1677 1027
f 176 1645 961
f 195 1703 1075
f 203 1725 1123
f 186 1674 1021
f 174 1638 949
f 193 1695 1063
f 205 1732 1135
f 212 1752 1177
f 191 1690 1051
f 220 1777 1225
f 214 1759 1189
f 200 1717 1105
f 171 1630 931
f 358 2191 1322
f 256 1885 1274
f 261 1901 1262
f 387 2279 1298
f 399 2315 1316
f 351 2171 1340
f 348 2160 1561
f 300 2016 1459
f 366 2214 1585
f 267 1919 1346
f 340 2137 1520
f 287 1978 1417
f 291 1991 1394
f 369 2225 1496
f 395 2302 1514
f 354 2178 1556
f 345 2153 1424
f 297 2009 1430
f 363 2207 1567
f 270 1926 1369
f 247 1857 908
f 229 1803 890
f 223 1786 884
f 235 1822 896
f 241 1840 902
f 253 1876 920
f 355 2182 1058
f 398 2312 1238
f 386 2276 1202
f 260 1898 1100
f 325 2091 998
f 307 2037 980
f 278 1952 974
f 313 2056 986
f 319 2074 992
f 337 2128 1022
f 283 1966 950
f 290 1988 1064
f 368 2222 1136
f 392 2293 1178
f 356 2185 1232
f 254 1879 1040
f 259 1893 926
f 385 2271 1118
f 397 2307 1208
f 349 2163 1052
f 344 2150 1226
f 296 2006 1190
f 362 2204 1106
f 265 1911 932
f 338 2131 1166
f 284 1969 1004
f 289 1983 956
f 367 2217 1082
f 391 2290 1148
f 350 2168 1172
f 343 2145 1028
f 295 2001 962
f 361 2199 1076
f 266 1916 1124
f 230 1808 1034
f 224 1789 914
f 236 1825 1094
f 242 1843 1184
f 248 1862 1214
f 272 1933 1154
f 331 2110 1016
f 301 2020 968
f 373 2236 1088
f 380 2257 1142
f 308 2042 1010
f 277 1947 944
f 314 2059 1070
f 320 2077 1130
f 326 2096 1160
f 332 2113 1046
f 302 2023 1220
f 374 2239 1196
f 379 2254 1112
f 271 1930 938
f 234 1818 1279
f 227 1798 1255
f 239 1834 1291
f 245 1852 1309
f 252 1872 1327
f 275 1942 1375
f 334 2120 1537
f 304 2030 1448
f 377 2248 1574
f 382 2263 1364
f 312 2052 1483
f 279 1955 1387
f 316 2065 1436
f 323 2086 1507
f 330 2106 1525
f 335 2122 1543
f 305 2032 1465
f 376 2245 1454
f 383 2266 1580
f 274 1940 1358
f 232 1813 1267
f 225 1792 1243
f 237 1828 1250
f 243 1846 1286
f 250 1867 1304
f 273 1936 1334
f 336 2123 1549
f 306 2033 1471
f 378 2249 1597
f 381 2260 1352
f 311 2049 1477
f 281 1959 1399
f 315 2062 1406
f 321 2080 1490
f 328 2101 1502
f 333 2116 1531
f 303 2026 1412
f 375 2242 1442
f 384 2267 1592
f 276 1943 1381
f 251 1869 1321
f 233 1815 1273
f 228 1799 1261
f 240 1835 1297
f 246 1853 1315
f 258 1889 1339
f 360 2195 1562
f 401 2319 1460
f 389 2283 1586
f 263 1905 1345
f 329 2103 1519
f 310 2046 1418
f 280 1957 1393
f 318 2069 1495
f 324 2087 1513
f 342 2141 1555
f 288 1979 1423
f 292 1993 1429
f 371 2229 1568
f 393 2296 1370
f 357 2188 1280
f 255 1882 1256
f 262 1902 1292
f 388 2280 1310
f 400 2316 1328
f 352 2172 1376
f 347 2157 1538
f 298 2011 1447
f 364 2209 1573
f 269 1923 1363
f 339 2134 1484
f 285 1972 1388
f 293 1995 1435
f 370 2226 1508
f 396 2303 1526
f 353 2175 1544
f 346 2154 1466
f 299 2013 1453
f 365 2211 1579
f 268 1921 1357
f 249 1865 1268
f 231 1811 1244
f 226 1796 1249
f 238 1832 1285
f 244 1850 1303
f 257 1888 1333
f 359 2194 1550
f 402 2322 1472
f 390 2286 1598
f 264 1908 1351
f 327 2099 1478
f 309 2045 1400
f 282 1962 1405
f 317 2068 1489
f 322 2084 1501
f 341 2140 1532
f 286 1976 1411
f 294 1998 1441
f 372 2232 1591
f 394 2299 1382
f 416 2330 911
f 408 2324 893
f 406 2325 888
f 412 2332 900
f 415 2335 906
f 424 2344 924
f 492 2410 1062
f 582 2497 1242
f 565 2486 1206
f 514 2434 1104
f 461 2375 1001
f 453 2369 983
f 451 2370 978
f 457 2377 990
f 460 2380 996
f 475 2393 1026
f 439 2359 954
f 496 2415 1068
f 533 2455 1140
f 551 2461 1181
f 579 2489 1235
f 483 2399 1043
f 426 2341 929
f 521 2431 1121
f 566 2476 1211
f 489 2405 1055
f 578 2500 1230
f 560 2481 1194
f 518 2439 1110
f 429 2348 935
f 547 2465 1169
f 465 2383 1007
f 441 2356 959
f 504 2420 1085
f 537 2452 1152
f 550 2471 1176
f 476 2386 1031
f 444 2363 965
f 502 2422 1079
f 526 2445 1128
f 481 2400 1038
f 420 2338 917
f 510 2428 1097
f 555 2473 1187
f 571 2490 1218
f 540 2458 1157
f 473 2394 1020
f 447 2366 972
f 507 2425 1092
f 534 2444 1145
f 469 2389 1014
f 435 2353 947
f 498 2414 1073
f 529 2449 1133
f 545 2466 1164
f 487 2407 1049
f 574 2494 1223
f 562 2480 1199
f 520 2438 1116
f 432 2351 942
f 589 2510 1283
f 583 2504 1259
f 586 2508 1295
f 593 2514 1313
f 596 2517 1331
f 599 2520 1379
f 633 2554 1541
f 620 2539 1452
f 640 2560 1578
f 603 2523 1368
f 622 2543 1487
f 607 2527 1391
f 612 2532 1440
f 626 2547 1511
f 629 2550 1529
f 631 2552 1547
f 614 2535 1469
f 618 2538 1458
f 641 2558 1584
f 605 2524 1362
f 164 1607 1609
f 163 1603 1605
f 165 1604 1611
f 166 1610 1614
f 167 1613 1617
f 172 1622 1631
f 190 1686 1688
f 219 1773 1775
f 215 1761 1763
f 201 1712 1719
f 179 1652 1654
f 178 1648 1650
f 180 1649 1656
f 181 1655 1659
f 182 1658 1662
f 185 1670 1672
f 177 1637 1646
f 197 1694 1706
f 206 1731 1735
f 208 1739 1741
f 218 1768 1770
f 188 1678 1680
f 168 1619 1621
f 198 1709 1711
f 213 1754 1756
f 189 1682 1684
f 221 1776 1780
f 217 1758 1767
f 202 1716 1722
f 170 1625 1627
f 209 1742 1744
f 184 1663 1668
f 173 1634 1636
f 194 1697 1699
f 204 1728 1730
f 210 1746 1748
f 183 1664 1666
f 175 1640 1642
f 196 1700 1705
f 207 1724 1736
f 192 1679 1691
f 169 1618 1623
f 199 1708 1713
f 216 1753 1764
f 222 1769 1781
f 211 1738 1749
f 187 1671 1677
f 176 1643 1645
f 195 1701 1703
f 203 1723 1725
f 186 1667 1674
f 174 1633 1638
f 193 1693 1695
f 205 1727 1732
f 212 1743 1752
f 191 1685 1690
f 220 1772 1777
f 214 1757 1759
f 200 1715 1717
f 171 1628 1630
f 358 2187 2191
f 256 1881 1885
f 261 1899 1901
f 387 2277 2279
f 399 2313 2315
f 351 2169 2171
f 348 2156 2160
f 300 2010 2016
f 366 2208 2214
f 267 1917 1919
f 340 2133 2137
f 287 1971 1978
f 291 1989 1991
f 369 2223 2225
f 395 2300 2302
f 354 2174 2178
f 345 2151 2153
f 297 2007 2009
f 363 2205 2207
f 270 1920 1926
f 247 1855 1857
f 229 1801 1803
f 223 1784 1786
f 235 1820 1822
f 241 1838 1840
f 253 1874 1876
f 355 2180 2182
f 398 2310 2312
f 386 2274 2276
f 260 1896 1898
f 325 2089 2091
f 307 2035 2037
f 278 1950 1952
f 313 2054 2056
f 319 2072 2074
f 337 2126 2128
f 283 1964 1966
f 290 1986 1988
f 368 2220 2222
f 392 2291 2293
f 356 2183 2185
f 254 1877 1879
f 259 1891 1893
f 385 2269 2271
f 397 2305 2307
f 349 2161 2163
f 344 2148 2150
f 296 2004 2006
f 362 2202 2204
f 265 1909 1911
f 338 2129 2131
f 284 1967 1969
f 289 1981 1983
f 367 2215 2217
f 391 2288 2290
f 350 2166 2168
f 343 2143 2145
f 295 1999 2001
f 361 2197 2199
f 266 1914 1916
f 230 1806 1808
f 224 1787 1789
f 236 1823 1825
f 242 1841 1843
f 248 1860 1862
f 272 1931 1933
f 331 2108 2110
f 301 2018 2020
f 373 2234 2236
f 380 2255 2257
f 308 2040 2042
f 277 1945 1947
f 314 2057 2059
f 320 2075 2077
f 326 2094 2096
f 332 2111 2113
f 302 2021 2023
f 374 2237 2239
f 379 2252 2254
f 271 1928 1930
f 234 1812 1818
f 227 1791 1798
f 239 1827 1834
f 245 1845 1852
f 252 1866 1872
f 275 1935 1942
f 334 2118 2120
f 304 2028 2030
f 377 2246 2248
f 382 2259 2263
f 312 2048 2052
f 279 1953 1955
f 316 2061 2065
f 323 2079 2086
f 330 2100 2106
f 335 2115 2122
f 305 2025 2032
f 376 2241 2245
f 383 2264 2266
f 274 1938 1940
f 232 1802 1813
f 225 1783 1792
f 237 1819 1828
f 243 1837 1846
f 250 1856 1867
f 273 1927 1936
f 336 2112 2123
f 306 2022 2033
f 378 2238 2249
f 381 2251 2260
f 311 2036 2049
f 281 1949 1959
f 315 2053 2062
f 321 2071 2080
f 328 2090 2101
f 333 2107 2116
f 303 2017 2026
f 375 2233 2242
f 384 2256 2267
f 276 1932 1943
f 251 1859 1869
f 233 1805 1815
f 228 1788 1799
f 240 1824 1835
f 246 1842 1853
f 258 1878 1889
f 360 2184 2195
f 401 2306 2319
f 389 2270 2283
f 263 1892 1905
f 329 2093 2103
f 310 2039 2046
f 280 1946 1957
f 318 2058 2069
f 324 2076 2087
f 342 2130 2141
f 288 1968 1979
f 292 1982 1993
f 371 2216 2229
f 393 2287 2296
f 357 2179 2188
f 255 1873 1882
f 262 1895 1902
f 388 2273 2280
f 400 2309 2316
f 352 2165 2172
f 347 2144 2157
f 298 2000 2011
f 364 2198 2209
f 269 1913 1923
f 339 2125 2134
f 285 1963 1972
f 293 1985 1995
f 370 2219 2226
f 396 2292 2303
f 353 2162 2175
f 346 2147 2154
f 299 2003 2013
f 365 2201 2211
f 268 1910 1921
f 249 1863 1865
f 231 1809 1811
f 226 1794 1796
f 238 1830 1832
f 244 1848 1850
f 257 1886 1888
f 359 2192 2194
f 402 2318 2322
f 390 2282 2286
f 264 1904 1908
f 327 2097 2099
f 309 2043 2045
f 282 1956 1962
f 317 2066 2068
f 322 2082 2084
f 341 2138 2140
f 286 1974 1976
f 294 1992 1998
f 372 2228 2232
f 394 2295 2299
f 416 2331 2330
f 408 2327 2324
f 406 2328 2325
f 412 2334 2332
f 415 2337 2335
f 424 2346 2344
f 492 2412 2410
f 582 2499 2497
f 565 2487 2486
f 514 2436 2434
f 461 2376 2375
f 453 2372 2369
f 451 2373 2370
f 457 2379 2377
f 460 2382 2380
f 475 2396 2393
f 439 2361 2359
f 496 2418 2415
f 533 2457 2455
f 551 2463 2461
f 579 2492 2489
f 483 2402 2399
f 426 2343 2341
f 521 2433 2431
f 566 2478 2476
f 489 2406 2405
f 578 2502 2500
f 560 2484 2481
f 518 2442 2439
f 429 2349 2348
f 547 2468 2465
f 465 2387 2383
f 441 2358 2356
f 504 2421 2420
f 537 2454 2452
f 550 2472 2471
f 476 2388 2386
f 444 2364 2363
f 502 2426 2422
f 526 2448 2445
f 481 2403 2400
f 420 2342 2338
f 510 2432 2428
f 555 2477 2473
f 571 2493 2490
f 540 2462 2458
f 473 2397 2394
f 447 2367 2366
f 507 2427 2425
f 534 2447 2444
f 469 2391 2389
f 435 2357 2353
f 498 2417 2414
f 529 2453 2449
f 545 2469 2466
f 487 2411 2407
f 574 2498 2494
f 562 2483 2480
f 520 2441 2438
f 432 2352 2351
f 589 2509 2510
f 583 2503 2504
f 586 2506 2508
f 593 2512 2514
f 596 2515 2517
f 599 2518 2520
f 633 2555 2554
f 620 2541 2539
f 640 2562 2560
f 603 2522 2523
f 622 2542 2543
f 607 2528 2527
f 612 2531 2532
f 626 2545 2547
f 629 2548 2550
f 631 2551 2552
f 614 2533 2535
f 618 2537 2538
f 641 2559 2558
f 605 2526 2524
f 164 644 1607
f 163 643 1603
f 165 645 1604
f 166 646 1610
f 167 647 1613
f 172 652 1622
f 190 670 1686
f 219 699 1773
f 215 695 1761
f 201 681 1712
f 179 659 1652
f 178 658 1648
f 180 660 1649
f 181 661 1655
f 182 662 1658
f 185 665 1670
f 177 657 1637
f 197 677 1694
f 206 686 1731
f 208 688 1739
f 218 698 1768
f 188 668 1678
f 168 648 1619
f 198 678 1709
f 213 693 1754
f 189 669 1682
f 221 701 1776
f 217 697 1758
f 202 682 1716
f 170 650 1625
f 209 689 1742
f 184 664 1663
f 173 653 1634
f 194 674 1697
f 204 684 1728
f 210 690 1746
f 183 663 1664
f 175 655 1640
f 196 676 1700
f 207 687 1724
f 192 672 1679
f 169 649 1618
f 199 679 1708
f 216 696 1753
f 222 702 1769
f 211 691 1738
f 187 667 1671
f 176 656 1643
f 195 675 1701
f 203 683 1723
f 186 666 1667
f 174 654 1633
f 193 673 1693
f 205 685 1727
f 212 692 1743
f 191 671 1685
f 220 700 1772
f 214 694 1757
f 200 680 1715
f 171 651 1628
f 358 838 2187
f 256 736 1881
f 261 741 1899
f 387 867 2277
f 399 879 2313
f 351 831 2169
f 348 828 2156
f 300 780 2010
f 366 846 2208
f 267 747 1917
f 340 820 2133
f 287 767 1971
f 291 771 1989
f 369 849 2223
f 395 875 2300
f 354 834 2174
f 345 825 2151
f 297 777 2007
f 363 843 2205
f 270 750 1920
f 247 727 1855
f 229 709 1801
f 223 703 1784
f 235 715 1820
f 241 721 1838
f 253 733 1874
f 355 835 2180
f 398 878 2310
f 386 866 2274
f 260 740 1896
f 325 805 2089
f 307 787 2035
f 278 758 1950
f 313 793 2054
f 319 799 2072
f 337 817 2126
f 283 763 1964
f 290 770 1986
f 368 848 2220
f 392 872 2291
f 356 836 2183
f 254 734 1877
f 259 739 1891
f 385 865 2269
f 397 877 2305
f 349 829 2161
f 344 824 2148
f 296 776 2004
f 362 842 2202
f 265 745 1909
f 338 818 2129
f 284 764 1967
f 289 769 1981
f 367 847 2215
f 391 871 2288
f 350 830 2166
f 343 823 2143
f 295 775 1999
f 361 841 2197
f 266 746 1914
f 230 710 1806
f 224 704 1787
f 236 716 1823
f 242 722 1841
f 248 728 1860
f 272 752 1931
f 331 811 2108
f 301 781 2018
f 373 853 2234
f 380 860 2255
f 308 788 2040
f 277 757 1945
f 314 794 2057
f 320 800 2075
f 326 806 2094
f 332 812 2111
f 302 782 2021
f 374 854 2237
f 379 859 2252
f 271 751 1928
f 234 714 1812
f 227 707 1791
f 239 719 1827
f 245 725 1845
f 252 732 1866
f 275 755 1935
f 334 814 2118
f 304 784 2028
f 377 857 2246
f 382 862 2259
f 312 792 2048
f 279 759 1953
f 316 796 2061
f 323 803 2079
f 330 810 2100
f 335 815 2115
f 305 785 2025
f 376 856 2241
f 383 863 2264
f 274 754 1938
f 232 712 1802
f 225 705 1783
f 237 717 1819
f 243 723 1837
f 250 730 1856
f 273 753 1927
f 336 816 2112
f 306 786 2022
f 378 858 2238
f 381 861 2251
f 311 791 2036
f 281 761 1949
f 315 795 2053
f 321 801 2071
f 328 808 2090
f 333 813 2107
f 303 783 2017
f 375 855 2233
f 384 864 2256
f 276 756 1932
f 251 731 1859
f 233 713 1805
f 228 708 1788
f 240 720 1824
f 246 726 1842
f 258 738 1878
f 360 840 2184
f 401 881 2306
f 389 869 2270
f 263 743 1892
f 329 809 2093
f 310 790 2039
f 280 760 1946
f 318 798 2058
f 324 804 2076
f 342 822 2130
f 288 768 1968
f 292 772 1982
f 371 851 2216
f 393 873 2287
f 357 837 2179
f 255 735 1873
f 262 742 1895
f 388 868 2273
f 400 880 2309
f 352 832 2165
f 347 827 2144
f 298 778 2000
f 364 844 2198
f 269 749 1913
f 339 819 2125
f 285 765 1963
f 293 773 1985
f 370 850 2219
f 396 876 2292
f 353 833 2162
f 346 826 2147
f 299 779 2003
f 365 845 2201
f 268 748 1910
f 249 729 1863
f 231 711 1809
f 226 706 1794
f 238 718 1830
f 244 724 1848
f 257 737 1886
f 359 839 2192
f 402 882 2318
f 390 870 2282
f 264 744 1904
f 327 807 2097
f 309 789 2043
f 282 762 1956
f 317 797 2066
f 322 802 2082
f 341 821 2138
f 286 766 1974
f 294 774 1992
f 372 852 2228
f 394 874 2295
f 416 1270 2331
f 408 1246 2327
f 406 1251 2328
f 412 1287 2334
f 415 1305 2337
f 424 1335 2346
f 492 1552 2412
f 582 1474 2499
f 565 1600 2487
f 514 1353 2436
f 461 1480 2376
f 453 1402 2372
f 451 1407 2373
f 457 1491 2379
f 460 1503 2382
f 475 1534 2396
f 439 1413 2361
f 496 1443 2418
f 533 1593 2457
f 551 1384 2463
f 579 1324 2492
f 483 1276 2402
f 426 1264 2343
f 521 1300 2433
f 566 1318 2478
f 489 1342 2406
f 578 1563 2502
f 560 1461 2484
f 518 1587 2442
f 429 1348 2349
f 547 1522 2468
f 465 1419 2387
f 441 1396 2358
f 504 1498 2421
f 537 1516 2454
f 550 1558 2472
f 476 1426 2388
f 444 1432 2364
f 502 1569 2426
f 526 1371 2448
f 481 1281 2403
f 420 1257 2342
f 510 1293 2432
f 555 1311 2477
f 571 1329 2493
f 540 1377 2462
f 473 1539 2397
f 447 1450 2367
f 507 1576 2427
f 534 1366 2447
f 469 1485 2391
f 435 1389 2357
f 498 1438 2417
f 529 1509 2453
f 545 1527 2469
f 487 1545 2411
f 574 1467 2498
f 562 1456 2483
f 520 1582 2441
f 432 1360 2352
f 589 1271 2509
f 583 1247 2503
f 586 1254 2506
f 593 1290 2512
f 596 1308 2515
f 599 1338 2518
f 633 1553 2555
f 620 1475 2541
f 640 1601 2562
f 603 1356 2522
f 622 1481 2542
f 607 1403 2528
f 612 1410 2531
f 626 1494 2545
f 629 1506 2548
f 631 1535 2551
f 614 1416 2533
f 618 1446 2537
f 641 1596 2559
f 605 1385 2526
f 167 907 1616
f 164 889 1608
f 163 883 1606
f 165 895 1612
f 166 901 1615
f 169 919 1624
f 192 1057 1692
f 222 1237 1782
f 216 1201 1765
f 199 1099 1714
f 182 997 1661
f 179 979 1653
f 178 973 1651
f 180 985 1657
f 181 991 1660
f 186 1021 1675
f 174 949 1639
f 193 1063 1696
f 205 1135 1733
f 212 1177 1751
f 221 1231 1779
f 189 1039 1683
f 170 925 1626
f 202 1117 1721
f 217 1207 1766
f 191 1051 1689
f 220 1225 1778
f 214 1189 1760
f 200 1105 1718
f 171 931 1629
f 210 1165 1747
f 183 1003 1665
f 175 955 1641
f 196 1081 1704
f 207 1147 1737
f 211 1171 1750
f 187 1027 1676
f 176 961 1644
f 195 1075 1702
f 203 1123 1726
f 188 1033 1681
f 168 913 1620
f 198 1093 1710
f 213 1183 1755
f 218 1213 1771
f 208 1153 1740
f 185 1015 1673
f 177 967 1647
f 197 1087 1707
f 206 1141 1734
f 184 1009 1669
f 173 943 1635
f 194 1069 1698
f 204 1129 1729
f 209 1159 1745
f 190 1045 1687
f 219 1219 1774
f 215 1195 1762
f 201 1111 1720
f 172 937 1632
f 357 1280 2189
f 255 1256 1883
f 262 1292 1903
f 388 1310 2281
f 400 1328 2317
f 352 1376 2173
f 347 1538 2158
f 298 1447 2012
f 364 1573 2210
f 269 1363 1924
f 339 1484 2135
f 285 1388 1973
f 293 1435 1996
f 370 1508 2227
f 396 1526 2304
f 353 1544 2176
f 346 1466 2155
f 299 1453 2014
f 365 1579 2212
f 268 1357 1922
f 249 1268 1864
f 231 1244 1810
f 226 1249 1795
f 238 1285 1831
f 244 1303 1849
f 257 1333 1887
f 359 1550 2193
f 402 1472 2321
f 390 1598 2285
f 264 1351 1907
f 327 1478 2098
f 309 1400 2044
f 282 1405 1961
f 317 1489 2067
f 322 1501 2083
f 341 1532 2139
f 286 1411 1975
f 294 1441 1997
f 372 1591 2231
f 394 1382 2298
f 358 1322 2190
f 256 1274 1884
f 261 1262 1900
f 387 1298 2278
f 399 1316 2314
f 351 1340 2170
f 348 1561 2159
f 300 1459 2015
f 366 1585 2213
f 267 1346 1918
f 340 1520 2136
f 287 1417 1977
f 291 1394 1990
f 369 1496 2224
f 395 1514 2301
f 354 1556 2177
f 345 1424 2152
f 297 1430 2008
f 363 1567 2206
f 270 1369 1925
f 234 1279 1817
f 227 1255 1797
f 239 1291 1833
f 245 1309 1851
f 252 1327 1871
f 275 1375 1941
f 334 1537 2119
f 304 1448 2029
f 377 1574 2247
f 382 1364 2262
f 312 1483 2051
f 279 1387 1954
f 316 1436 2064
f 323 1507 2085
f 330 1525 2105
f 335 1543 2121
f 305 1465 2031
f 376 1454 2244
f 383 1580 2265
f 274 1358 1939
f 232 1267 1814
f 225 1243 1793
f 237 1250 1829
f 243 1286 1847
f 250 1304 1868
f 273 1334 1937
f 336 1549 2124
f 306 1471 2034
f 378 1597 2250
f 381 1352 2261
f 311 1477 2050
f 281 1399 1960
f 315 1406 2063
f 321 1490 2081
f 328 1502 2102
f 333 1531 2117
f 303 1412 2027
f 375 1442 2243
f 384 1592 2268
f 276 1381 1944
f 229 890 1804
f 223 884 1785
f 235 896 1821
f 241 902 1839
f 247 908 1858
f 271 938 1929
f 332 1046 2114
f 302 1220 2024
f 374 1196 2240
f 379 1112 2253
f 307 980 2038
f 278 974 1951
f 313 986 2055
f 319 992 2073
f 325 998 2092
f 331 1016 2109
f 301 968 2019
f 373 1088 2235
f 380 1142 2258
f 272 1154 1934
f 248 1214 1861
f 230 1034 1807
f 224 914 1790
f 236 1094 1826
f 242 1184 1844
f 254 1040 1880
f 356 1232 2186
f 397 1208 2308
f 385 1118 2272
f 259 926 1894
f 326 1160 2095
f 308 1010 2041
f 277 944 1948
f 314 1070 2060
f 320 1130 2078
f 338 1166 2132
f 284 1004 1970
f 289 956 1984
f 367 1082 2218
f 391 1148 2289
f 355 1058 2181
f 253 920 1875
f 260 1100 1897
f 386 1202 2275
f 398 1238 2311
f 350 1172 2167
f 343 1028 2146
f 295 962 2002
f 361 1076 2200
f 266 1124 1915
f 337 1022 2127
f 283 950 1965
f 290 1064 1987
f 368 1136 2221
f 392 1178 2294
f 349 1052 2164
f 344 1226 2149
f 296 1190 2005
f 362 1106 2203
f 265 932 1912
f 251 1321 1870
f 233 1273 1816
f 228 1261 1800
f 240 1297 1836
f 246 1315 1854
f 258 1339 1890
f 360 1562 2196
f 401 1460 2320
f 389 1586 2284
f 263 1345 1906
f 329 1519 2104
f 310 1418 2047
f 280 1393 1958
f 318 1495 2070
f 324 1513 2088
f 342 1555 2142
f 288 1423 1980
f 292 1429 1994
f 371 1568 2230
f 393 1370 2297
f 409 894 2329
f 405 887 2323
f 411 899 2326
f 414 905 2333
f 417 912 2336
f 431 941 2345
f 488 1050 2409
f 575 1224 2496
f 563 1200 2485
f 519 1115 2435
f 454 984 2374
f 450 977 2368
f 456 989 2371
f 459 995 2378
f 462 1002 2381
f 472 1019 2392
f 446 971 2360
f 506 1091 2416
f 535 1146 2456
f 541 1158 2460
f 570 1217 2488
f 480 1037 2398
f 421 918 2340
f 511 1098 2430
f 556 1188 2475
f 484 1044 2404
f 580 1236 2501
f 567 1212 2482
f 522 1122 2440
f 427 930 2347
f 544 1163 2464
f 468 1013 2384
f 436 948 2355
f 499 1074 2419
f 530 1134 2451
f 548 1170 2470
f 466 1008 2385
f 442 960 2362
f 505 1086 2423
f 536 1151 2446
f 491 1061 2401
f 423 923 2339
f 513 1103 2429
f 564 1205 2474
f 581 1241 2491
f 549 1175 2459
f 477 1032 2395
f 445 966 2365
f 503 1080 2424
f 525 1127 2443
f 474 1025 2390
f 438 953 2354
f 495 1067 2413
f 532 1139 2450
f 552 1182 2467
f 490 1056 2408
f 577 1229 2495
f 559 1193 2479
f 517 1109 2437
f 430 936 2350
f 590 1325 2511
f 584 1277 2505
f 585 1265 2507
f 592 1301 2513
f 595 1319 2516
f 598 1343 2519
f 636 1566 2556
f 621 1464 2540
f 642 1590 2561
f 601 1349 2521
f 623 1523 2544
f 611 1422 2529
f 609 1397 2530
f 625 1499 2546
f 628 1517 2549
f 632 1559 2553
f 613 1427 2534
f 616 1433 2536
f 638 1572 2557
f 606 1374 2525
f 407 892 1609
f 403 885 1605
f 404 897 1611
f 410 903 1614
f 413 910 1617
f 422 939 1631
f 486 1048 1688
f 573 1222 1775
f 561 1198 1763
f 512 1113 1719
f 452 982 1654
f 448 975 1650
f 449 987 1656
f 455 993 1659
f 458 1000 1662
f 470 1017 1672
f 437 969 1646
f 494 1089 1706
f 531 1144 1735
f 539 1156 1741
f 568 1215 1770
f 478 1035 1680
f 419 916 1621
f 509 1096 1711
f 554 1186 1756
f 482 1042 1684
f 576 1234 1780
f 558 1210 1767
f 516 1120 1722
f 425 928 1627
f 542 1161 1744
f 463 1011 1668
f 434 946 1636
f 497 1072 1699
f 528 1132 1730
f 546 1168 1748
f 464 1006 1666
f 440 958 1642
f 500 1084 1705
f 524 1149 1736
f 479 1059 1691
f 418 921 1623
f 508 1101 1713
f 553 1203 1764
f 569 1239 1781
f 538 1173 1749
f 471 1030 1677
f 443 964 1645
f 501 1078 1703
f 523 1125 1725
f 467 1023 1674
f 433 951 1638
f 493 1065 1695
f 527 1137 1732
f 543 1180 1752
f 485 1054 1690
f 572 1227 1777
f 557 1191 1759
f 515 1107 1717
f 428 934 1630
f 591 1326 2191
f 587 1278 1885
f 588 1266 1901
f 594 1302 2279
f 597 1320 2315
f 600 1344 2171
f 634 1565 2160
f 619 1463 2016
f 639 1589 2214
f 602 1350 1919
f 624 1524 2137
f 608 1421 1978
f 610 1398 1991
f 627 1500 2225
f 630 1518 2302
f 635 1560 2178
f 615 1428 2153
f 617 1434 2009
f 637 1571 2207
f 604 1373 1926
f 416 911 1857
f 408 893 1803
f 406 888 1786
f 412 900 1822
f 415 906 1840
f 424 924 1876
f 492 1062 2182
f 582 1242 2312
f 565 1206 2276
f 514 1104 1898
f 461 1001 2091
f 453 983 2037
f 451 978 1952
f 457 990 2056
f 460 996 2074
f 475 1026 2128
f 439 954 1966
f 496 1068 1988
f 533 1140 2222
f 551 1181 2293
f 579 1235 2185
f 483 1043 1879
f 426 929 1893
f 521 1121 2271
f 566 1211 2307
f 489 1055 2163
f 578 1230 2150
f 560 1194 2006
f 518 1110 2204
f 429 935 1911
f 547 1169 2131
f 465 1007 1969
f 441 959 1983
f 504 1085 2217
f 537 1152 2290
f 550 1176 2168
f 476 1031 2145
f 444 965 2001
f 502 1079 2199
f 526 1128 1916
f 481 1038 1808
f 420 917 1789
f 510 1097 1825
f 555 1187 1843
f 571 1218 1862
f 540 1157 1933
f 473 1020 2110
f 447 972 2020
f 507 1092 2236
f 534 1145 2257
f 469 1014 2042
f 435 947 1947
f 498 1073 2059
f 529 1133 2077
f 545 1164 2096
f 487 1049 2113
f 574 1223 2023
f 562 1199 2239
f 520 1116 2254
f 432 942 1930
f 589 1283 1818
f 583 1259 1798
f 586 1295 1834
f 593 1313 1852
f 596 1331 1872
f 599 1379 1942
f 633 1541 2120
f 620 1452 2030
f 640 1578 2248
f 603 1368 2263
f 622 1487 2052
f 607 1391 1955
f 612 1440 2065
f 626 1511 2086
f 629 1529 2106
f 631 1547 2122
f 614 1469 2032
f 618 1458 2245
f 641 1584 2266
f 605 1362 1940
f 409 1269 1813
f 405 1245 1792
f 411 1252 1828
f 414 1288 1846
f 417 1306 1867
f 431 1336 1936
f 488 1551 2123
f 575 1473 2033
f 563 1599 2249
f 519 1354 2260
f 454 1479 2049
f 450 1401 1959
f 456 1408 2062
f 459 1492 2080
f 462 1504 2101
f 472 1533 2116
f 446 1414 2026
f 506 1444 2242
f 535 1594 2267
f 541 1383 1943
f 570 1323 1869
f 480 1275 1815
f 421 1263 1799
f 511 1299 1835
f 556 1317 1853
f 484 1341 1889
f 580 1564 2195
f 567 1462 2319
f 522 1588 2283
f 427 1347 1905
f 544 1521 2103
f 468 1420 2046
f 436 1395 1957
f 499 1497 2069
f 530 1515 2087
f 548 1557 2141
f 466 1425 1979
f 442 1431 1993
f 505 1570 2229
f 536 1372 2296
f 491 1282 2188
f 423 1258 1882
f 513 1294 1902
f 564 1312 2280
f 581 1330 2316
f 549 1378 2172
f 477 1540 2157
f 445 1449 2011
f 503 1575 2209
f 525 1365 1923
f 474 1486 2134
f 438 1390 1972
f 495 1437 1995
f 532 1510 2226
f 552 1528 2303
f 490 1546 2175
f 577 1468 2154
f 559 1455 2013
f 517 1581 2211
f 430 1359 1921
f 590 1272 1865
f 584 1248 1811
f 585 1253 1796
f 592 1289 1832
f 595 1307 1850
f 598 1337 1888
f 636 1554 2194
f 621 1476 2322
f 642 1602 2286
f 601 1355 1908
f 623 1482 2099
f 611 1404 2045
f 609 1409 1962
f 625 1493 2068
f 628 1505 2084
f 632 1536 2140
f 613 1415 1976
f 616 1445 1998
f 638 1595 2232
f 606 1386 2299
f 407 909 2330
f 403 891 2324
f 404 886 2325
f 410 898 2332
f 413 904 2335
f 422 922 2344
f 486 1060 2410
f 573 1240 2497
f 561 1204 2486
f 512 1102 2434
f 452 999 2375
f 448 981 2369
f 449 976 2370
f 455 988 2377
f 458 994 2380
f 470 1024 2393
f 437 952 2359
f 494 1066 2415
f 531 1138 2455
f 539 1179 2461
f 568 1233 2489
f 478 1041 2399
f 419 927 2341
f 509 1119 2431
f 554 1209 2476
f 482 1053 2405
f 576 1228 2500
f 558 1192 2481
f 516 1108 2439
f 425 933 2348
f 542 1167 2465
f 463 1005 2383
f 434 957 2356
f 497 1083 2420
f 528 1150 2452
f 546 1174 2471
f 464 1029 2386
f 440 963 2363
f 500 1077 2422
f 524 1126 2445
f 479 1036 2400
f 418 915 2338
f 508 1095 2428
f 553 1185 2473
f 569 1216 2490
f 538 1155 2458
f 471 1018 2394
f 443 970 2366
f 501 1090 2425
f 523 1143 2444
f 467 1012 2389
f 433 945 2353
f 493 1071 2414
f 527 1131 2449
f 543 1162 2466
f 485 1047 2407
f 572 1221 2494
f 557 1197 2480
f 515 1114 2438
f 428 940 2351
f 591 1284 2510
f 587 1260 2504
f 588 1296 2508
f 594 1314 2514
f 597 1332 2517
f 600 1380 2520
f 634 1542 2554
f 619 1451 2539
f 639 1577 2560
f 602 1367 2523
f 624 1488 2543
f 608 1392 2527
f 610 1439 2532
f 627 1512 2547
f 630 1530 2550
f 635 1548 2552
f 615 1470 2535
f 617 1457 2538
f 637 1583 2558
f 604 1361 2524
f 167 1616 1607
f 164 1608 1603
f 163 1606 1604
f 165 1612 1610
f 166 1615 1613
f 169 1624 1622
f 192 1692 1686
f 222 1782 1773
f 216 1765 1761
f 199 1714 1712
f 182 1661 1652
f 179 1653 1648
f 178 1651 1649
f 180 1657 1655
f 181 1660 1658
f 186 1675 1670
f 174 1639 1637
f 193 1696 1694
f 205 1733 1731
f 212 1751 1739
f 221 1779 1768
f 189 1683 1678
f 170 1626 1619
f 202 1721 1709
f 217 1766 1754
f 191 1689 1682
f 220 1778 1776
f 214 1760 1758
f 200 1718 1716
f 171 1629 1625
f 210 1747 1742
f 183 1665 1663
f 175 1641 1634
f 196 1704 1697
f 207 1737 1728
f 211 1750 1746
f 187 1676 1664
f 176 1644 1640
f 195 1702 1700
f 203 1726 1724
f 188 1681 1679
f 168 1620 1618
f 198 1710 1708
f 213 1755 1753
f 218 1771 1769
f 208 1740 1738
f 185 1673 1671
f 177 1647 1643
f 197 1707 1701
f 206 1734 1723
f 184 1669 1667
f 173 1635 1633
f 194 1698 1693
f 204 1729 1727
f 209 1745 1743
f 190 1687 1685
f 219 1774 1772
f 215 1762 1757
f 201 1720 1715
f 172 1632 1628
f 357 2189 2187
f 255 1883 1881
f 262 1903 1899
f 388 2281 2277
f 400 2317 2313
f 352 2173 2169
f 347 2158 2156
f 298 2012 2010
f 364 2210 2208
f 269 1924 1917
f 339 2135 2133
f 285 1973 1971
f 293 1996 1989
f 370 2227 2223
f 396 2304 2300
f 353 2176 2174
f 346 2155 2151
f 299 2014 2007
f 365 2212 2205
f 268 1922 1920
f 249 1864 1855
f 231 1810 1801
f 226 1795 1784
f 238 1831 1820
f 244 1849 1838
f 257 1887 1874
f 359 2193 2180
f 402 2321 2310
f 390 2285 2274
f 264 1907 1896
f 327 2098 2089
f 309 2044 2035
f 282 1961 1950
f 317 2067 2054
f 322 2083 2072
f 341 2139 2126
f 286 1975 1964
f 294 1997 1986
f 372 2231 2220
f 394 2298 2291
f 358 2190 2183
f 256 1884 1877
f 261 1900 1891
f 387 2278 2269
f 399 2314 2305
f 351 2170 2161
f 348 2159 2148
f 300 2015 2004
f 366 2213 2202
f 267 1918 1909
f 340 2136 2129
f 287 1977 1967
f 291 1990 1981
f 369 2224 2215
f 395 2301 2288
f 354 2177 2166
f 345 2152 2143
f 297 2008 1999
f 363 2206 2197
f 270 1925 1914
f 234 1817 1806
f 227 1797 1787
f 239 1833 1823
f 245 1851 1841
f 252 1871 1860
f 275 1941 1931
f 334 2119 2108
f 304 2029 2018
f 377 2247 2234
f 382 2262 2255
f 312 2051 2040
f 279 1954 1945
f 316 2064 2057
f 323 2085 2075
f 330 2105 2094
f 335 2121 2111
f 305 2031 2021
f 376 2244 2237
f 383 2265 2252
f 274 1939 1928
f 232 1814 1812
f 225 1793 1791
f 237 1829 1827
f 243 1847 1845
f 250 1868 1866
f 273 1937 1935
f 336 2124 2118
f 306 2034 2028
f 378 2250 2246
f 381 2261 2259
f 311 2050 2048
f 281 1960 1953
f 315 2063 2061
f 321 2081 2079
f 328 2102 2100
f 333 2117 2115
f 303 2027 2025
f 375 2243 2241
f 384 2268 2264
f 276 1944 1938
f 229 1804 1802
f 223 1785 1783
f 235 1821 1819
f 241 1839 1837
f 247 1858 1856
f 271 1929 1927
f 332 2114 2112
f 302 2024 2022
f 374 2240 2238
f 379 2253 2251
f 307 2038 2036
f 278 1951 1949
f 313 2055 2053
f 319 2073 2071
f 325 2092 2090
f 331 2109 2107
f 301 2019 2017
f 373 2235 2233
f 380 2258 2256
f 272 1934 1932
f 248 1861 1859
f 230 1807 1805
f 224 1790 1788
f 236 1826 1824
f 242 1844 1842
f 254 1880 1878
f 356 2186 2184
f 397 2308 2306
f 385 2272 2270
f 259 1894 1892
f 326 2095 2093
f 308 2041 2039
f 277 1948 1946
f 314 2060 2058
f 320 2078 2076
f 338 2132 2130
f 284 1970 1968
f 289 1984 1982
f 367 2218 2216
f 391 2289 2287
f 355 2181 2179
f 253 1875 1873
f 260 1897 1895
f 386 2275 2273
f 398 2311 2309
f 350 2167 2165
f 343 2146 2144
f 295 2002 2000
f 361 2200 2198
f 266 1915 1913
f 337 2127 2125
f 283 1965 1963
f 290 1987 1985
f 368 2221 2219
f 392 2294 2292
f 349 2164 2162
f 344 2149 2147
f 296 2005 2003
f 362 2203 2201
f 265 1912 1910
f 251 1870 1863
f 233 1816 1809
f 228 1800 1794
f 240 1836 1830
f 246 1854 1848
f 258 1890 1886
f 360 2196 2192
f 401 2320 2318
f 389 2284 2282
f 263 1906 1904
f 329 2104 2097
f 310 2047 2043
f 280 1958 1956
f 318 2070 2066
f 324 2088 2082
f 342 2142 2138
f 288 1980 1974
f 292 1994 1992
f 371 2230 2228
f 393 2297 2295
f 409 2329 2331
f 405 2323 2327
f 411 2326 2328
f 414 2333 2334
f 417 2336 2337
f 431 2345 2346
f 488 2409 2412
f 575 2496 2499
f 563 2485 2487
f 519 2435 2436
f 454 2374 2376
f 450 2368 2372
f 456 2371 2373
f 459 2378 2379
f 462 2381 2382
f 472 2392 2396
f 446 2360 2361
f 506 2416 2418
f 535 2456 2457
f 541 2460 2463
f 570 2488 2492
f 480 2398 2402
f 421 2340 2343
f 511 2430 2433
f 556 2475 2478
f 484 2404 2406
f 580 2501 2502
f 567 2482 2484
f 522 2440 2442
f 427 2347 2349
f 544 2464 2468
f 468 2384 2387
f 436 2355 2358
f 499 2419 2421
f 530 2451 2454
f 548 2470 2472
f 466 2385 2388
f 442 2362 2364
f 505 2423 2426
f 536 2446 2448
f 491 2401 2403
f 423 2339 2342
f 513 2429 2432
f 564 2474 2477
f 581 2491 2493
f 549 2459 2462
f 477 2395 2397
f 445 2365 2367
f 503 2424 2427
f 525 2443 2447
f 474 2390 2391
f 438 2354 2357
f 495 2413 2417
f 532 2450 2453
f 552 2467 2469
f 490 2408 2411
f 577 2495 2498
f 559 2479 2483
f 517 2437 2441
f 430 2350 2352
f 590 2511 2509
f 584 2505 2503
f 585 2507 2506
f 592 2513 2512
f 595 2516 2515
f 598 2519 2518
f 636 2556 2555
f 621 2540 2541
f 642 2561 2562
f 601 2521 2522
f 623 2544 2542
f 611 2529 2528
f 609 2530 2531
f 625 2546 2545
f 628 2549 2548
f 632 2553 2551
f 613 2534 2533
f 616 2536 2537
f 638 2557 2559
f 606 2525 2526
f 1607 644 647
f 1603 643 644
f 1604 645 643
f 1610 646 645
f 1613 647 646
f 1622 652 649
f 1686 670 672
f 1773 699 702
f 1761 695 696
f 1712 681 679
f 1652 659 662
f 1648 658 659
f 1649 660 658
f 1655 661 660
f 1658 662 661
f 1670 665 666
f 1637 657 654
f 1694 677 673
f 1731 686 685
f 1739 688 692
f 1768 698 701
f 1678 668 669
f 1619 648 650
f 1709 678 682
f 1754 693 697
f 1682 669 671
f 1776 701 700
f 1758 697 694
f 1716 682 680
f 1625 650 651
f 1742 689 690
f 1663 664 663
f 1634 653 655
f 1697 674 676
f 1728 684 687
f 1746 690 691
f 1664 663 667
f 1640 655 656
f 1700 676 675
f 1724 687 683
f 1679 672 668
f 1618 649 648
f 1708 679 678
f 1753 696 693
f 1769 702 698
f 1738 691 688
f 1671 667 665
f 1643 656 657
f 1701 675 677
f 1723 683 686
f 1667 666 664
f 1633 654 653
f 1693 673 674
f 1727 685 684
f 1743 692 689
f 1685 671 670
f 1772 700 699
f 1757 694 695
f 1715 680 681
f 1628 651 652
f 2187 838 837
f 1881 736 735
f 1899 741 742
f 2277 867 868
f 2313 879 880
f 2169 831 832
f 2156 828 827
f 2010 780 778
f 2208 846 844
f 1917 747 749
f 2133 820 819
f 1971 767 765
f 1989 771 773
f 2223 849 850
f 2300 875 876
f 2174 834 833
f 2151 825 826
f 2007 777 779
f 2205 843 845
f 1920 750 748
f 1855 727 729
f 1801 709 711
f 1784 703 706
f 1820 715 718
f 1838 721 724
f 1874 733 737
f 2180 835 839
f 2310 878 882
f 2274 866 870
f 1896 740 744
f 2089 805 807
f 2035 787 789
f 1950 758 762
f 2054 793 797
f 2072 799 802
f 2126 817 821
f 1964 763 766
f 1986 770 774
f 2220 848 852
f 2291 872 874
f 2183 836 838
f 1877 734 736
f 1891 739 741
f 2269 865 867
f 2305 877 879
f 2161 829 831
f 2148 824 828
f 2004 776 780
f 2202 842 846
f 1909 745 747
f 2129 818 820
f 1967 764 767
f 1981 769 771
f 2215 847 849
f 2288 871 875
f 2166 830 834
f 2143 823 825
f 1999 775 777
f 2197 841 843
f 1914 746 750
f 1806 710 714
f 1787 704 707
f 1823 716 719
f 1841 722 725
f 1860 728 732
f 1931 752 755
f 2108 811 814
f 2018 781 784
f 2234 853 857
f 2255 860 862
f 2040 788 792
f 1945 757 759
f 2057 794 796
f 2075 800 803
f 2094 806 810
f 2111 812 815
f 2021 782 785
f 2237 854 856
f 2252 859 863
f 1928 751 754
f 1812 714 712
f 1791 707 705
f 1827 719 717
f 1845 725 723
f 1866 732 730
f 1935 755 753
f 2118 814 816
f 2028 784 786
f 2246 857 858
f 2259 862 861
f 2048 792 791
f 1953 759 761
f 2061 796 795
f 2079 803 801
f 2100 810 808
f 2115 815 813
f 2025 785 783
f 2241 856 855
f 2264 863 864
f 1938 754 756
f 1802 712 709
f 1783 705 703
f 1819 717 715
f 1837 723 721
f 1856 730 727
f 1927 753 751
f 2112 816 812
f 2022 786 782
f 2238 858 854
f 2251 861 859
f 2036 791 787
f 1949 761 758
f 2053 795 793
f 2071 801 799
f 2090 808 805
f 2107 813 811
f 2017 783 781
f 2233 855 853
f 2256 864 860
f 1932 756 752
f 1859 731 728
f 1805 713 710
f 1788 708 704
f 1824 720 716
f 1842 726 722
f 1878 738 734
f 2184 840 836
f 2306 881 877
f 2270 869 865
f 1892 743 739
f 2093 809 806
f 2039 790 788
f 1946 760 757
f 2058 798 794
f 2076 804 800
f 2130 822 818
f 1968 768 764
f 1982 772 769
f 2216 851 847
f 2287 873 871
f 2179 837 835
f 1873 735 733
f 1895 742 740
f 2273 868 866
f 2309 880 878
f 2165 832 830
f 2144 827 823
f 2000 778 775
f 2198 844 841
f 1913 749 746
f 2125 819 817
f 1963 765 763
f 1985 773 770
f 2219 850 848
f 2292 876 872
f 2162 833 829
f 2147 826 824
f 2003 779 776
f 2201 845 842
f 1910 748 745
f 1863 729 731
f 1809 711 713
f 1794 706 708
f 1830 718 720
f 1848 724 726
f 1886 737 738
f 2192 839 840
f 2318 882 881
f 2282 870 869
f 1904 744 743
f 2097 807 809
f 2043 789 790
f 1956 762 760
f 2066 797 798
f 2082 802 804
f 2138 821 822
f 1974 766 768
f 1992 774 772
f 2228 852 851
f 2295 874 873
f 2331 1270 1269
f 2327 1246 1245
f 2328 1251 1252
f 2334 1287 1288
f 2337 1305 1306
f 2346 1335 1336
f 2412 1552 1551
f 2499 1474 1473
f 2487 1600 1599
f 2436 1353 1354
f 2376 1480 1479
f 2372 1402 1401
f 2373 1407 1408
f 2379 1491 1492
f 2382 1503 1504
f 2396 1534 1533
f 2361 1413 1414
f 2418 1443 1444
f 2457 1593 1594
f 2463 1384 1383
f 2492 1324 1323
f 2402 1276 1275
f 2343 1264 1263
f 2433 1300 1299
f 2478 1318 1317
f 2406 1342 1341
f 2502 1563 1564
f 2484 1461 1462
f 2442 1587 1588
f 2349 1348 1347
f 2468 1522 1521
f 2387 1419 1420
f 2358 1396 1395
f 2421 1498 1497
f 2454 1516 1515
f 2472 1558 1557
f 2388 1426 1425
f 2364 1432 1431
f 2426 1569 1570
f 2448 1371 1372
f 2403 1281 1282
f 2342 1257 1258
f 2432 1293 1294
f 2477 1311 1312
f 2493 1329 1330
f 2462 1377 1378
f 2397 1539 1540
f 2367 1450 1449
f 2427 1576 1575
f 2447 1366 1365
f 2391 1485 1486
f 2357 1389 1390
f 2417 1438 1437
f 2453 1509 1510
f 2469 1527 1528
f 2411 1545 1546
f 2498 1467 1468
f 2483 1456 1455
f 2441 1582 1581
f 2352 1360 1359
f 2509 1271 1272
f 2503 1247 1248
f 2506 1254 1253
f 2512 1290 1289
f 2515 1308 1307
f 2518 1338 1337
f 2555 1553 1554
f 2541 1475 1476
f 2562 1601 1602
f 2522 1356 1355
f 2542 1481 1482
f 2528 1403 1404
f 2531 1410 1409
f 2545 1494 1493
f 2548 1506 1505
f 2551 1535 1536
f 2533 1416 1415
f 2537 1446 1445
f 2559 1596 1595
f 2526 1385 1386
f 1616 907 909
f 1608 889 891
f 1606 883 886
f 1612 895 898
f 1615 901 904
f 1624 919 922
f 1692 1057 1060
f 1782 1237 1240
f 1765 1201 1204
f 1714 1099 1102
f 1661 997 999
f 1653 979 981
f 1651 973 976
f 1657 985 988
f 1660 991 994
f 1675 1021 1024
f 1639 949 952
f 1696 1063 1066
f 1733 1135 1138
f 1751 1177 1179
f 1779 1231 1233
f 1683 1039 1041
f 1626 925 927
f 1721 1117 1119
f 1766 1207 1209
f 1689 1051 1053
f 1778 1225 1228
f 1760 1189 1192
f 1718 1105 1108
f 1629 931 933
f 1747 1165 1167
f 1665 1003 1005
f 1641 955 957
f 1704 1081 1083
f 1737 1147 1150
f 1750 1171 1174
f 1676 1027 1029
f 1644 961 963
f 1702 1075 1077
f 1726 1123 1126
f 1681 1033 1036
f 1620 913 915
f 1710 1093 1095
f 1755 1183 1185
f 1771 1213 1216
f 1740 1153 1155
f 1673 1015 1018
f 1647 967 970
f 1707 1087 1090
f 1734 1141 1143
f 1669 1009 1012
f 1635 943 945
f 1698 1069 1071
f 1729 1129 1131
f 1745 1159 1162
f 1687 1045 1047
f 1774 1219 1221
f 1762 1195 1197
f 1720 1111 1114
f 1632 937 940
f 2189 1280 1284
f 1883 1256 1260
f 1903 1292 1296
f 2281 1310 1314
f 2317 1328 1332
f 2173 1376 1380
f 2158 1538 1542
f 2012 1447 1451
f 2210 1573 1577
f 1924 1363 1367
f 2135 1484 1488
f 1973 1388 1392
f 1996 1435 1439
f 2227 1508 1512
f 2304 1526 1530
f 2176 1544 1548
f 2155 1466 1470
f 2014 1453 1457
f 2212 1579 1583
f 1922 1357 1361
f 1864 1268 1270
f 1810 1244 1246
f 1795 1249 1251
f 1831 1285 1287
f 1849 1303 1305
f 1887 1333 1335
f 2193 1550 1552
f 2321 1472 1474
f 2285 1598 1600
f 1907 1351 1353
f 2098 1478 1480
f 2044 1400 1402
f 1961 1405 1407
f 2067 1489 1491
f 2083 1501 1503
f 2139 1532 1534
f 1975 1411 1413
f 1997 1441 1443
f 2231 1591 1593
f 2298 1382 1384
f 2190 1322 1324
f 1884 1274 1276
f 1900 1262 1264
f 2278 1298 1300
f 2314 1316 1318
f 2170 1340 1342
f 2159 1561 1563
f 2015 1459 1461
f 2213 1585 1587
f 1918 1346 1348
f 2136 1520 1522
f 1977 1417 1419
f 1990 1394 1396
f 2224 1496 1498
f 2301 1514 1516
f 2177 1556 1558
f 2152 1424 1426
f 2008 1430 1432
f 2206 1567 1569
f 1925 1369 1371
f 1817 1279 1281
f 1797 1255 1257
f 1833 1291 1293
f 1851 1309 1311
f 1871 1327 1329
f 1941 1375 1377
f 2119 1537 1539
f 2029 1448 1450
f 2247 1574 1576
f 2262 1364 1366
f 2051 1483 1485
f 1954 1387 1389
f 2064 1436 1438
f 2085 1507 1509
f 2105 1525 1527
f 2121 1543 1545
f 2031 1465 1467
f 2244 1454 1456
f 2265 1580 1582
f 1939 1358 1360
f 1814 1267 1271
f 1793 1243 1247
f 1829 1250 1254
f 1847 1286 1290
f 1868 1304 1308
f 1937 1334 1338
f 2124 1549 1553
f 2034 1471 1475
f 2250 1597 1601
f 2261 1352 1356
f 2050 1477 1481
f 1960 1399 1403
f 2063 1406 1410
f 2081 1490 1494
f 2102 1502 1506
f 2117 1531 1535
f 2027 1412 1416
f 2243 1442 1446
f 2268 1592 1596
f 1944 1381 1385
f 1804 890 894
f 1785 884 887
f 1821 896 899
f 1839 902 905
f 1858 908 912
f 1929 938 941
f 2114 1046 1050
f 2024 1220 1224
f 2240 1196 1200
f 2253 1112 1115
f 2038 980 984
f 1951 974 977
f 2055 986 989
f 2073 992 995
f 2092 998 1002
f 2109 1016 1019
f 2019 968 971
f 2235 1088 1091
f 2258 1142 1146
f 1934 1154 1158
f 1861 1214 1217
f 1807 1034 1037
f 1790 914 918
f 1826 1094 1098
f 1844 1184 1188
f 1880 1040 1044
f 2186 1232 1236
f 2308 1208 1212
f 2272 1118 1122
f 1894 926 930
f 2095 1160 1163
f 2041 1010 1013
f 1948 944 948
f 2060 1070 1074
f 2078 1130 1134
f 2132 1166 1170
f 1970 1004 1008
f 1984 956 960
f 2218 1082 1086
f 2289 1148 1151
f 2181 1058 1061
f 1875 920 923
f 1897 1100 1103
f 2275 1202 1205
f 2311 1238 1241
f 2167 1172 1175
f 2146 1028 1032
f 2002 962 966
f 2200 1076 1080
f 1915 1124 1127
f 2127 1022 1025
f 1965 950 953
f 1987 1064 1067
f 2221 1136 1139
f 2294 1178 1182
f 2164 1052 1056
f 2149 1226 1229
f 2005 1190 1193
f 2203 1106 1109
f 1912 932 936
f 1870 1321 1325
f 1816 1273 1277
f 1800 1261 1265
f 1836 1297 1301
f 1854 1315 1319
f 1890 1339 1343
f 2196 1562 1566
f 2320 1460 1464
f 2284 1586 1590
f 1906 1345 1349
f 2104 1519 1523
f 2047 1418 1422
f 1958 1393 1397
f 2070 1495 1499
f 2088 1513 1517
f 2142 1555 1559
f 1980 1423 1427
f 1994 1429 1433
f 2230 1568 1572
f 2297 1370 1374
f 2329 894 892
f 2323 887 885
f 2326 899 897
f 2333 905 903
f 2336 912 910
f 2345 941 939
f 2409 1050 1048
f 2496 1224 1222
f 2485 1200 1198
f 2435 1115 1113
f 2374 984 982
f 2368 977 975
f 2371 989 987
f 2378 995 993
f 2381 1002 1000
f 2392 1019 1017
f 2360 971 969
f 2416 1091 1089
f 2456 1146 1144
f 2460 1158 1156
f 2488 1217 1215
f 2398 1037 1035
f 2340 918 916
f 2430 1098 1096
f 2475 1188 1186
f 2404 1044 1042
f 2501 1236 1234
f 2482 1212 1210
f 2440 1122 1120
f 2347 930 928
f 2464 1163 1161
f 2384 1013 1011
f 2355 948 946
f 2419 1074 1072
f 2451 1134 1132
f 2470 1170 1168
f 2385 1008 1006
f 2362 960 958
f 2423 1086 1084
f 2446 1151 1149
f 2401 1061 1059
f 2339 923 921
f 2429 1103 1101
f 2474 1205 1203
f 2491 1241 1239
f 2459 1175 1173
f 2395 1032 1030
f 2365 966 964
f 2424 1080 1078
f 2443 1127 1125
f 2390 1025 1023
f 2354 953 951
f 2413 1067 1065
f 2450 1139 1137
f 2467 1182 1180
f 2408 1056 1054
f 2495 1229 1227
f 2479 1193 1191
f 2437 1109 1107
f 2350 936 934
f 2511 1325 1326
f 2505 1277 1278
f 2507 1265 1266
f 2513 1301 1302
f 2516 1319 1320
f 2519 1343 1344
f 2556 1566 1565
f 2540 1464 1463
f 2561 1590 1589
f 2521 1349 1350
f 2544 1523 1524
f 2529 1422 1421
f 2530 1397 1398
f 2546 1499 1500
f 2549 1517 1518
f 2553 1559 1560
f 2534 1427 1428
f 2536 1433 1434
f 2557 1572 1571
f 2525 1374 1373
f 1609 892 889
f 1605 885 883
f 1611 897 895
f 1614 903 901
f 1617 910 907
f 1631 939 937
f 1688 1048 1045
f 1775 1222 1219
f 1763 1198 1195
f 1719 1113 1111
f 1654 982 979
f 1650 975 973
f 1656 987 985
f 1659 993 991
f 1662 1000 997
f 1672 1017 1015
f 1646 969 967
f 1706 1089 1087
f 1735 1144 1141
f 1741 1156 1153
f 1770 1215 1213
f 1680 1035 1033
f 1621 916 913
f 1711 1096 1093
f 1756 1186 1183
f 1684 1042 1039
f 1780 1234 1231
f 1767 1210 1207
f 1722 1120 1117
f 1627 928 925
f 1744 1161 1159
f 1668 1011 1009
f 1636 946 943
f 1699 1072 1069
f 1730 1132 1129
f 1748 1168 1165
f 1666 1006 1003
f 1642 958 955
f 1705 1084 1081
f 1736 1149 1147
f 1691 1059 1057
f 1623 921 919
f 1713 1101 1099
f 1764 1203 1201
f 1781 1239 1237
f 1749 1173 1171
f 1677 1030 1027
f 1645 964 961
f 1703 1078 1075
f 1725 1125 1123
f 1674 1023 1021
f 1638 951 949
f 1695 1065 1063
f 1732 1137 1135
f 1752 1180 1177
f 1690 1054 1051
f 1777 1227 1225
f 1759 1191 1189
f 1717 1107 1105
f 1630 934 931
f 2191 1326 1322
f 1885 1278 1274
f 1901 1266 1262
f 2279 1302 1298
f 2315 1320 1316
f 2171 1344 1340
f 2160 1565 1561
f 2016 1463 1459
f 2214 1589 1585
f 1919 1350 1346
f 2137 1524 1520
f 1978 1421 1417
f 1991 1398 1394
f 2225 1500 1496
f 2302 1518 1514
f 2178 1560 1556
f 2153 1428 1424
f 2009 1434 1430
f 2207 1571 1567
f 1926 1373 1369
f 1857 911 908
f 1803 893 890
f 1786 888 884
f 1822 900 896
f 1840 906 902
f 1876 924 920
f 2182 1062 1058
f 2312 1242 1238
f 2276 1206 1202
f 1898 1104 1100
f 2091 1001 998
f 2037 983 980
f 1952 978 974
f 2056 990 986
f 2074 996 992
f 2128 1026 1022
f 1966 954 950
f 1988 1068 1064
f 2222 1140 1136
f 2293 1181 1178
f 2185 1235 1232
f 1879 1043 1040
f 1893 929 926
f 2271 1121 1118
f 2307 1211 1208
f 2163 1055 1052
f 2150 1230 1226
f 2006 1194 1190
f 2204 1110 1106
f 1911 935 932
f 2131 1169 1166
f 1969 1007 1004
f 1983 959 956
f 2217 1085 1082
f 2290 1152 1148
f 2168 1176 1172
f 2145 1031 1028
f 2001 965 962
f 2199 1079 1076
f 1916 1128 1124
f 1808 1038 1034
f 1789 917 914
f 1825 1097 1094
f 1843 1187 1184
f 1862 1218 1214
f 1933 1157 1154
f 2110 1020 1016
f 2020 972 968
f 2236 1092 1088
f 2257 1145 1142
f 2042 1014 1010
f 1947 947 944
f 2059 1073 1070
f 2077 1133 1130
f 2096 1164 1160
f 2113 1049 1046
f 2023 1223 1220
f 2239 1199 1196
f 2254 1116 1112
f 1930 942 938
f 1818 1283 1279
f 1798 1259 1255
f 1834 1295 1291
f 1852 1313 1309
f 1872 1331 1327
f 1942 1379 1375
f 2120 1541 1537
f 2030 1452 1448
f 2248 1578 1574
f 2263 1368 1364
f 2052 1487 1483
f 1955 1391 1387
f 2065 1440 1436
f 2086 1511 1507
f 2106 1529 1525
f 2122 1547 1543
f 2032 1469 1465
f 2245 1458 1454
f 2266 1584 1580
f 1940 1362 1358
f 1813 1269 1267
f 1792 1245 1243
f 1828 1252 1250
f 1846 1288 1286
f 1867 1306 1304
f 1936 1336 1334
f 2123 1551 1549
f 2033 1473 1471
f 2249 1599 1597
f 2260 1354 1352
f 2049 1479 1477
f 1959 1401 1399
f 2062 1408 1406
f 2080 1492 1490
f 2101 1504 1502
f 2116 1533 1531
f 2026 1414 1412
f 2242 1444 1442
f 2267 1594 1592
f 1943 1383 1381
f 1869 1323 1321
f 1815 1275 1273
f 1799 1263 1261
f 1835 1299 1297
f 1853 1317 1315
f 1889 1341 1339
f 2195 1564 1562
f 2319 1462 1460
f 2283 1588 1586
f 1905 1347 1345
f 2103 1521 1519
f 2046 1420 1418
f 1957 1395 1393
f 2069 1497 1495
f 2087 1515 1513
f 2141 1557 1555
f 1979 1425 1423
f 1993 1431 1429
f 2229 1570 1568
f 2296 1372 1370
f 2188 1282 1280
f 1882 1258 1256
f 1902 1294 1292
f 2280 1312 1310
f 2316 1330 1328
f 2172 1378 1376
f 2157 1540 1538
f 2011 1449 1447
f 2209 1575 1573
f 1923 1365 1363
f 2134 1486 1484
f 1972 1390 1388
f 1995 1437 1435
f 2226 1510 1508
f 2303 1528 1526
f 2175 1546 1544
f 2154 1468 1466
f 2013 1455 1453
f 2211 1581 1579
f 1921 1359 1357
f 1865 1272 1268
f 1811 1248 1244
f 1796 1253 1249
f 1832 1289 1285
f 1850 1307 1303
f 1888 1337 1333
f 2194 1554 1550
f 2322 1476 1472
f 2286 1602 1598
f 1908 1355 1351
f 2099 1482 1478
f 2045 1404 1400
f 1962 1409 1405
f 2068 1493 1489
f 2084 1505 1501
f 2140 1536 1532
f 1976 1415 1411
f 1998 1445 1441
f 2232 1595 1591
f 2299 1386 1382
f 2330 909 911
f 2324 891 893
f 2325 886 888
f 2332 898 900
f 2335 904 906
f 2344 922 924
f 2410 1060 1062
f 2497 1240 1242
f 2486 1204 1206
f 2434 1102 1104
f 2375 999 1001
f 2369 981 983
f 2370 976 978
f 2377 988 990
f 2380 994 996
f 2393 1024 1026
f 2359 952 954
f 2415 1066 1068
f 2455 1138 1140
f 2461 1179 1181
f 2489 1233 1235
f 2399 1041 1043
f 2341 927 929
f 2431 1119 1121
f 2476 1209 1211
f 2405 1053 1055
f 2500 1228 1230
f 2481 1192 1194
f 2439 1108 1110
f 2348 933 935
f 2465 1167 1169
f 2383 1005 1007
f 2356 957 959
f 2420 1083 1085
f 2452 1150 1152
f 2471 1174 1176
f 2386 1029 1031
f 2363 963 965
f 2422 1077 1079
f 2445 1126 1128
f 2400 1036 1038
f 2338 915 917
f 2428 1095 1097
f 2473 1185 1187
f 2490 1216 1218
f 2458 1155 1157
f 2394 1018 1020
f 2366 970 972
f 2425 1090 1092
f 2444 1143 1145
f 2389 1012 1014
f 2353 945 947
f 2414 1071 1073
f 2449 1131 1133
f 2466 1162 1164
f 2407 1047 1049
f 2494 1221 1223
f 2480 1197 1199
f 2438 1114 1116
f 2351 940 942
f 2510 1284 1283
f 2504 1260 1259
f 2508 1296 1295
f 2514 1314 1313
f 2517 1332 1331
f 2520 1380 1379
f 2554 1542 1541
f 2539 1451 1452
f 2560 1577 1578
f 2523 1367 1368
f 2543 1488 1487
f 2527 1392 1391
f 2532 1439 1440
f 2547 1512 1511
f 2550 1530 1529
f 2552 1548 1547
f 2535 1470 1469
f 2538 1457 1458
f 2558 1583 1584
f 2524 1361 1362
f 1607 1616 1609
f 1603 1608 1605
f 1604 1606 1611
f 1610 1612 1614
f 1613 1615 1617
f 1622 1624 1631
f 1686 1692 1688
f 1773 1782 1775
f 1761 1765 1763
f 1712 1714 1719
f 1652 1661 1654
f 1648 1653 1650
f 1649 1651 1656
f 1655 1657 1659
f 1658 1660 1662
f 1670 1675 1672
f 1637 1639 1646
f 1694 1696 1706
f 1731 1733 1735
f 1739 1751 1741
f 1768 1779 1770
f 1678 1683 1680
f 1619 1626 1621
f 1709 1721 1711
f 1754 1766 1756
f 1682 1689 1684
f 1776 1778 1780
f 1758 1760 1767
f 1716 1718 1722
f 1625 1629 1627
f 1742 1747 1744
f 1663 1665 1668
f 1634 1641 1636
f 1697 1704 1699
f 1728 1737 1730
f 1746 1750 1748
f 1664 1676 1666
f 1640 1644 1642
f 1700 1702 1705
f 1724 1726 1736
f 1679 1681 1691
f 1618 1620 1623
f 1708 1710 1713
f 1753 1755 1764
f 1769 1771 1781
f 1738 1740 1749
f 1671 1673 1677
f 1643 1647 1645
f 1701 1707 1703
f 1723 1734 1725
f 1667 1669 1674
f 1633 1635 1638
f 1693 1698 1695
f 1727 1729 1732
f 1743 1745 1752
f 1685 1687 1690
f 1772 1774 1777
f 1757 1762 1759
f 1715 1720 1717
f 1628 1632 1630
f 2187 2189 2191
f 1881 1883 1885
f 1899 1903 1901
f 2277 2281 2279
f 2313 2317 2315
f 2169 2173 2171
f 2156 2158 2160
f 2010 2012 2016
f 2208 2210 2214
f 1917 1924 1919
f 2133 2135 2137
f 1971 1973 1978
f 1989 1996 1991
f 2223 2227 2225
f 2300 2304 2302
f 2174 2176 2178
f 2151 2155 2153
f 2007 2014 2009
f 2205 2212 2207
f 1920 1922 1926
f 1855 1864 1857
f 1801 1810 1803
f 1784 1795 1786
f 1820 1831 1822
f 1838 1849 1840
f 1874 1887 1876
f 2180 2193 2182
f 2310 2321 2312
f 2274 2285 2276
f 1896 1907 1898
f 2089 2098 2091
f 2035 2044 2037
f 1950 1961 1952
f 2054 2067 2056
f 2072 2083 2074
f 2126 2139 2128
f 1964 1975 1966
f 1986 1997 1988
f 2220 2231 2222
f 2291 2298 2293
f 2183 2190 2185
f 1877 1884 1879
f 1891 1900 1893
f 2269 2278 2271
f 2305 2314 2307
f 2161 2170 2163
f 2148 2159 2150
f 2004 2015 2006
f 2202 2213 2204
f 1909 1918 1911
f 2129 2136 2131
f 1967 1977 1969
f 1981 1990 1983
f 2215 2224 2217
f 2288 2301 2290
f 2166 2177 2168
f 2143 2152 2145
f 1999 2008 2001
f 2197 2206 2199
f 1914 1925 1916
f 1806 1817 1808
f 1787 1797 1789
f 1823 1833 1825
f 1841 1851 1843
f 1860 1871 1862
f 1931 1941 1933
f 2108 2119 2110
f 2018 2029 2020
f 2234 2247 2236
f 2255 2262 2257
f 2040 2051 2042
f 1945 1954 1947
f 2057 2064 2059
f 2075 2085 2077
f 2094 2105 2096
f 2111 2121 2113
f 2021 2031 2023
f 2237 2244 2239
f 2252 2265 2254
f 1928 1939 1930
f 1812 1814 1818
f 1791 1793 1798
f 1827 1829 1834
f 1845 1847 1852
f 1866 1868 1872
f 1935 1937 1942
f 2118 2124 2120
f 2028 2034 2030
f 2246 2250 2248
f 2259 2261 2263
f 2048 2050 2052
f 1953 1960 1955
f 2061 2063 2065
f 2079 2081 2086
f 2100 2102 2106
f 2115 2117 2122
f 2025 2027 2032
f 2241 2243 2245
f 2264 2268 2266
f 1938 1944 1940
f 1802 1804 1813
f 1783 1785 1792
f 1819 1821 1828
f 1837 1839 1846
f 1856 1858 1867
f 1927 1929 1936
f 2112 2114 2123
f 2022 2024 2033
f 2238 2240 2249
f 2251 2253 2260
f 2036 2038 2049
f 1949 1951 1959
f 2053 2055 2062
f 2071 2073 2080
f 2090 2092 2101
f 2107 2109 2116
f 2017 2019 2026
f 2233 2235 2242
f 2256 2258 2267
f 1932 1934 1943
f 1859 1861 1869
f 1805 1807 1815
f 1788 1790 1799
f 1824 1826 1835
f 1842 1844 1853
f 1878 1880 1889
f 2184 2186 2195
f 2306 2308 2319
f 2270 2272 2283
f 1892 1894 1905
f 2093 2095 2103
f 2039 2041 2046
f 1946 1948 1957
f 2058 2060 2069
f 2076 2078 2087
f 2130 2132 2141
f 1968 1970 1979
f 1982 1984 1993
f 2216 2218 2229
f 2287 2289 2296
f 2179 2181 2188
f 1873 1875 1882
f 1895 1897 1902
f 2273 2275 2280
f 2309 2311 2316
f 2165 2167 2172
f 2144 2146 2157
f 2000 2002 2011
f 2198 2200 2209
f 1913 1915 1923
f 2125 2127 2134
f 1963 1965 1972
f 1985 1987 1995
f 2219 2221 2226
f 2292 2294 2303
f 2162 2164 2175
f 2147 2149 2154
f 2003 2005 2013
f 2201 2203 2211
f 1910 1912 1921
f 1863 1870 1865
f 1809 1816 1811
f 1794 1800 1796
f 1830 1836 1832
f 1848 1854 1850
f 1886 1890 1888
f 2192 2196 2194
f 2318 2320 2322
f 2282 2284 2286
f 1904 1906 1908
f 2097 2104 2099
f 2043 2047 2045
f 1956 1958 1962
f 2066 2070 2068
f 2082 2088 2084
f 2138 2142 2140
f 1974 1980 1976
f 1992 1994 1998
f 2228 2230 2232
f 2295 2297 2299
f 2331 2329 2330
f 2327 2323 2324
f 2328 2326 2325
f 2334 2333 2332
f 2337 2336 2335
f 2346 2345 2344
f 2412 2409 2410
f 2499 2496 2497
f 2487 2485 2486
f 2436 2435 2434
f 2376 2374 2375
f 2372 2368 2369
f 2373 2371 2370
f 2379 2378 2377
f 2382 2381 2380
f 2396 2392 2393
f 2361 2360 2359
f 2418 2416 2415
f 2457 2456 2455
f 2463 2460 2461
f 2492 2488 2489
f 2402 2398 2399
f 2343 2340 2341
f 2433 2430 2431
f 2478 2475 2476
f 2406 2404 2405
f 2502 2501 2500
f 2484 2482 2481
f 2442 2440 2439
f 2349 2347 2348
f 2468 2464 2465
f 2387 2384 2383
f 2358 2355 2356
f 2421 2419 2420
f 2454 2451 2452
f 2472 2470 2471
f 2388 2385 2386
f 2364 2362 2363
f 2426 2423 2422
f 2448 2446 2445
f 2403 2401 2400
f 2342 2339 2338
f 2432 2429 2428
f 2477 2474 2473
f 2493 2491 2490
f 2462 2459 2458
f 2397 2395 2394
f 2367 2365 2366
f 2427 2424 2425
f 2447 2443 2444
f 2391 2390 2389
f 2357 2354 2353
f 2417 2413 2414
f 2453 2450 2449
f 2469 2467 2466
f 2411 2408 2407
f 2498 2495 2494
f 2483 2479 2480
f 2441 2437 2438
f 2352 2350 2351
f 2509 2511 2510
f 2503 2505 2504
f 2506 2507 2508
f 2512 2513 2514
f 2515 2516 2517
f 2518 2519 2520
f 2555 2556 2554
f 2541 2540 2539
f 2562 2561 2560
f 2522 2521 2523
f 2542 2544 2543
f 2528 2529 2527
f 2531 2530 2532
f 2545 2546 2547
f 2548 2549 2550
f 2551 2553 2552
f 2533 2534 2535
f 2537 2536 2538
f 2559 2557 2558
f 2526 2525 2524